#{"t_start": 1753540296.9886963, "env_id": "None"}
r,l,t
-1601.736317,500,32.659263
-1481.493269,500,66.274882
-1394.75021,500,99.678444
-1374.205446,500,133.10219
-1102.930117,500,166.473641
-1794.335672,500,199.849933
-1350.797507,500,233.248688
-1386.961925,500,266.685251
-1349.536837,500,302.860255
-1354.349583,500,342.159164
-1575.979247,500,381.228384
-1664.854991,500,420.555372
-1482.799084,500,453.96031
-1945.492112,500,491.285314
-2208.820527,500,530.304766
-1993.400694,500,565.914932
-2157.168057,500,601.688241
-2325.417007,500,637.453326
-2394.632351,500,673.41568
-2713.008109,500,709.557565
-2455.941532,461,742.992023
-1814.573778,386,770.701724
-1378.047422,329,794.371848
-1547.871481,312,816.983389
-777.561871,208,832.050195
-650.112671,193,845.897382
-563.113342,161,857.471224
-514.841582,154,868.497321
-400.606376,137,878.28567
-389.814867,138,888.229765
-340.243863,132,897.723713
-405.576637,132,907.207949
-389.509624,128,916.462925
-379.029455,127,925.551585
-364.330692,128,934.688769
-372.611585,125,943.698938
-388.217469,128,952.898323
-374.004412,125,961.913459
-372.428506,123,970.762624
-358.740563,123,979.647702
-332.933982,124,988.596161
-364.173853,123,997.489966
-368.562792,125,1006.471825
-369.258865,122,1015.304137
-382.77963,124,1024.222146
-306.465818,124,1033.106589
-333.625662,123,1041.907251
-323.737343,124,1050.826126
-367.680449,124,1059.711389
-318.838809,125,1068.669331
-370.835834,125,1077.588582
-367.581216,123,1086.404621
-358.309253,122,1095.119097
-388.157853,126,1104.098895
-380.075285,125,1113.09974
-391.889374,124,1121.964415
-351.388259,124,1130.880627
-404.838765,126,1139.952197
-349.737552,125,1148.912155
-338.745183,124,1157.816329
-346.916889,126,1166.870979
-324.614723,125,1175.88195
-389.322113,125,1184.926004
-339.500078,124,1193.85978
-379.129063,127,1203.063228
-340.952334,125,1212.0954
-324.092383,126,1221.207555
-380.526911,124,1230.141572
-382.167582,126,1239.179201
-372.736144,125,1248.137601
-362.916034,128,1257.316192
-389.556265,125,1266.249645
-369.334881,137,1275.958434
-324.445669,139,1285.418218
-338.131565,127,1294.424894
-362.301451,125,1303.425497
-367.744026,126,1312.473587
-379.848783,127,1321.533831
-351.112727,126,1330.495335
-352.147438,126,1339.515167
-364.331736,125,1348.36396
-395.201306,127,1357.475391
-329.490953,127,1366.580024
-374.856171,126,1375.586605
-364.400856,126,1384.596341
-341.783568,125,1393.558897
-375.822641,126,1402.745594
-365.25508,127,1411.874106
-372.55122,125,1420.797832
-362.93705,125,1429.844612
-380.492983,124,1438.687751
-330.22083,126,1447.727749
-345.601337,126,1456.787757
-336.848601,123,1465.657596
-341.675796,125,1474.61635
-387.776318,127,1483.739359
-344.483453,125,1492.71944
-333.241482,125,1501.687623
-320.023767,124,1510.557608
-387.63369,124,1519.431616
-334.955957,126,1528.49151
-383.46325,124,1537.381618
-308.512827,125,1546.325612
-358.513484,124,1555.218686
-336.23358,124,1564.069689
-351.76795,123,1572.853687
-358.466752,125,1581.75775
-322.252108,126,1590.769788
-381.855179,124,1599.624804
-362.692389,124,1608.479785
-314.33645,125,1617.371683
-325.459518,124,1626.204683
-303.378281,124,1634.993697
-352.214578,125,1643.909737
-338.924758,124,1652.716178
-358.491068,123,1661.536688
-332.901486,122,1670.235445
-356.793667,125,1679.187615
-300.900538,124,1688.06173
-355.294753,123,1696.909157
-328.062036,125,1705.897711
-354.97563,123,1714.701618
-342.923149,125,1723.593735
-353.574998,124,1732.393482
-358.462515,126,1741.385915
-316.453933,123,1750.161922
-360.113304,125,1759.065922
-343.592043,124,1767.928912
-325.087253,122,1776.679922
-362.287097,124,1785.501926
-328.537785,125,1794.440328
-330.220927,124,1803.322739
-309.488188,123,1812.081548
-333.849614,122,1820.739515
-360.6395,124,1829.63164
-331.766512,123,1838.480282
-333.714813,125,1847.457281
-332.65794,123,1856.280389
-363.898262,125,1865.279551
-293.287549,124,1874.14577
-337.432998,125,1883.088171
-313.776476,124,1891.91623
-312.391832,125,1900.861453
-307.513847,123,1909.676453
-334.154718,124,1918.542388
-330.183549,123,1927.403378
-306.900578,124,1936.308168
-309.127403,123,1945.103094
-318.861319,125,1954.085271
-289.284969,123,1962.881287
-317.320073,125,1971.836277
-316.811113,125,1980.750947
-305.15054,124,1989.588779
-361.102636,123,1998.334452
-316.179034,123,2007.11247
-317.156562,122,2015.828216
-350.280089,124,2024.690867
-338.336236,124,2033.517463
-383.439403,126,2042.497047
-347.472556,125,2051.399302
-339.957603,124,2060.23155
-352.916983,125,2069.165366
-333.446401,124,2078.04423
-384.476559,125,2086.957458
-325.275833,125,2095.867384
-326.670078,124,2104.717132
-358.148741,123,2113.534612
-347.171743,123,2122.332356
-389.785997,125,2131.285291
-367.063912,126,2140.298379
-308.620395,123,2149.196294
-299.224229,122,2157.895599
-351.264696,123,2166.733351
-324.678989,124,2175.609674
-325.304171,124,2184.51665
-301.80492,125,2193.46248
-345.34931,124,2202.346537
-340.426859,122,2211.083663
-309.444806,124,2219.967558
-376.145394,123,2228.831576
-305.624519,129,2238.225939
-230.932384,107,2245.41084
-228.633274,107,2252.576361
-220.408371,101,2259.328114
-277.388135,110,2266.72774
-216.494503,102,2273.582781
-221.555985,100,2280.29257
-214.326894,100,2286.983673
-280.059473,129,2295.642543
-224.319277,102,2302.459394
-238.753715,105,2309.498197
-229.758089,109,2316.81899
-219.238729,102,2323.666617
-231.351769,106,2330.752677
-215.684673,100,2337.439315
-223.551426,103,2344.356229
-220.73325,101,2351.118249
-250.83539,104,2358.093178
-287.535896,119,2366.050749
-281.550859,121,2374.151605
-236.314242,111,2381.590912
-231.389356,104,2388.535999
-245.132756,107,2395.690289
-230.897795,101,2402.503527
-269.107394,127,2411.016845
-232.252726,100,2417.794043
-255.513894,119,2426.764218
-265.30994,119,2435.537598
-263.010852,128,2445.430491
-239.136234,100,2453.131638
-271.88971,130,2463.179028
-274.02813,131,2473.278267
-281.829601,132,2483.44538
-274.279174,129,2493.316802
-315.75876,136,2503.71608
-280.445611,129,2513.675562
-279.194041,130,2523.661144
-314.163807,143,2534.700344
-277.992309,130,2544.701162
-282.185109,130,2554.756756
-299.527668,131,2564.859668
-274.004452,126,2574.601857
-284.392753,133,2584.77818
-235.625204,108,2593.125393
-284.99708,122,2602.537567
-257.851741,108,2610.84697
-289.490046,133,2621.056767
-258.343211,110,2629.546001
-257.159165,110,2638.025167
-237.527334,105,2646.143469
-290.970796,134,2656.657262
-309.409842,135,2667.057662
-257.562267,127,2676.841265
-252.365984,132,2686.986565
-258.255091,122,2696.392154
-331.135184,163,2708.855974
-279.910278,128,2718.727273
-286.688845,142,2729.572825
-313.352246,157,2741.614367
-305.076835,158,2753.770696
-356.714079,208,2769.67486
-384.839941,203,2785.444096
-554.004387,276,2806.79947
-458.02188,187,2821.289954
-708.630405,364,2849.45768
-648.892307,338,2875.500906
-536.6006,290,2897.895472
-776.78072,391,2927.993508
-529.304882,279,2949.473777
-584.335575,320,2973.939889
-879.452572,393,3004.08814
-673.418155,304,3027.50927
-455.787098,242,3046.169279
-569.260702,265,3066.611617
-327.664352,174,3080.094684
-330.530678,176,3093.72647
-282.050411,148,3105.188916
-314.086279,164,3117.981384
-284.044342,150,3129.571615
-276.368689,146,3140.825848
-284.013102,152,3152.587942
-245.976602,129,3162.497047
-250.290106,121,3171.80006
-181.096435,95,3179.174274
-181.325661,94,3186.417778
-178.93082,95,3193.680088
-176.650221,95,3200.930971
-179.064524,95,3208.217084
-180.963835,100,3215.892382
-179.583125,100,3223.530704
-181.793411,99,3231.100106
-213.741849,118,3240.130464
-184.970086,100,3247.782418
-196.200712,101,3255.51923
-176.565304,96,3262.900763
-178.339813,100,3270.565433
-173.235758,96,3278.026842
-166.276876,95,3285.390582
-173.796701,99,3292.994677
-172.201264,95,3300.287034
-176.006752,94,3307.559774
-165.274818,95,3314.913085
-166.214997,93,3322.121068
-170.704347,94,3329.357763
-188.394569,94,3336.67622
-162.368385,95,3344.04689
-192.553507,92,3351.102526
-167.476019,95,3358.445462
-174.308567,98,3366.013179
-195.940213,94,3373.338012
-217.252953,104,3381.396513
-172.913641,97,3388.917209
-219.670556,101,3396.670122
-209.809368,98,3404.227034
-215.084433,100,3411.965687
-230.183497,105,3419.994071
-210.33463,98,3427.492967
-215.192599,100,3435.174978
-182.159386,105,3443.262215
-211.05685,96,3450.675086
-175.315708,99,3458.247607
-187.675486,102,3466.049054
-171.445525,99,3473.578341
-178.490327,101,3481.344364
-211.847175,121,3490.553789
-190.814346,108,3498.833115
-181.78308,105,3506.880779
-169.848937,96,3514.277663
-177.148904,97,3521.732388
-225.051753,130,3531.712654
-185.537904,108,3540.001002
-229.647758,100,3547.726202
-191.659984,109,3556.12882
-192.157443,107,3564.466406
-179.222461,100,3572.191013
-179.34863,99,3579.849215
-182.494882,101,3587.656026
-214.212042,93,3594.745397
-228.397411,98,3601.297154
-173.549173,97,3608.236885
-224.260502,96,3615.727031
-181.39154,96,3622.375007
-178.551136,99,3629.004745
-180.284087,98,3635.591387
-174.07314,97,3642.106511
-229.414657,100,3648.881966
-185.960672,104,3655.846235
-234.9496,100,3662.532505
-179.504594,101,3669.324021
-172.726843,97,3675.847137
-198.599748,108,3683.105562
-181.869255,103,3690.032231
-181.681762,106,3697.165546
-176.829402,100,3703.868693
-187.247536,108,3711.122054
-233.781465,96,3717.570508
-225.221711,93,3723.800038
-170.905004,101,3730.574361
-232.223023,96,3737.005935
-382.627899,197,3750.163583
-167.440923,99,3756.792053
-172.800404,100,3763.488919
-243.723655,132,3772.307374
-177.003811,102,3779.142703
-298.809605,158,3789.701443
-261.391027,143,3799.275772
-218.968319,122,3807.42682
-233.342871,95,3813.80238
-167.860683,99,3820.43763
-225.457888,93,3826.686436
-173.773121,102,3833.535184
-232.918532,96,3839.964597
-234.094692,95,3846.345924
-159.327401,97,3852.854528
-267.788834,143,3862.460174
-166.554283,98,3869.035858
-162.974722,95,3875.453264
-232.289922,94,3881.768677
-173.590735,103,3888.689012
-235.860968,97,3895.21837
-228.126093,94,3901.519415
-232.170626,96,3907.961029
-170.359178,99,3914.621849
-156.210319,98,3921.204575
-156.369366,98,3927.814283
-150.181711,96,3934.25664
-161.662686,96,3940.717621
-158.140444,97,3947.232382
-173.919296,107,3954.419683
-164.027464,99,3961.050389
-161.712408,96,3967.498029
-164.561567,101,3974.261396
-153.710082,92,3980.4503
-164.059038,94,3986.758387
-176.784306,100,3993.489774
-157.838353,101,4000.271659
-170.063849,104,4007.231175
-173.745723,104,4014.192583
-158.374824,100,4020.895105
-157.73391,97,4027.410456
-171.198758,96,4033.852572
-172.352855,93,4040.108139
-153.637642,96,4046.56676
-156.944351,99,4053.198526
-178.368975,101,4059.973419
-185.28818,96,4066.438455
-180.440988,97,4072.934862
-172.557433,103,4079.852106
-171.769649,99,4086.497972
-160.950268,100,4093.200204
-168.485849,102,4100.073367
-170.368054,103,4106.990227
-167.373712,101,4113.761559
-168.486626,103,4120.661844
-161.819633,101,4127.434916
-165.53297,100,4134.163187
-177.489346,104,4141.132167
-176.423565,98,4147.713743
-168.097757,103,4154.603306
-164.936084,99,4161.246437
-163.934239,106,4168.399248
-157.481091,96,4174.858837
-162.843016,98,4181.427661
-172.573648,108,4188.659158
-163.923509,98,4195.262829
-157.577434,98,4201.863641
-163.994615,97,4208.402083
-162.209996,100,4215.571147
-161.668839,101,4223.4735
-171.988374,101,4231.266831
-166.502286,99,4238.910318
-164.088657,99,4246.763368
-168.367867,104,4254.943592
-161.689657,100,4262.636021
-165.982058,99,4270.369937
-166.506742,98,4278.01738
-164.503202,99,4285.738111
-163.218725,98,4293.349459
-213.264324,95,4300.749437
-182.362415,95,4308.100846
-159.93968,97,4315.500241
-164.526368,102,4323.307225
-163.223305,98,4331.005246
-165.785401,100,4338.761242
-176.716051,103,4346.792023
-169.014924,100,4354.649858
-175.758351,102,4362.649377
-178.471018,97,4370.261179
-160.757842,102,4378.206494
-177.587913,106,4386.382078
-155.897447,97,4393.782621
-155.727465,97,4401.32658
-225.412282,95,4408.682952
-163.686864,98,4416.180535
-163.362301,97,4423.483394
-161.997628,98,4431.173898
-182.636758,107,4439.464033
-160.631285,99,4447.094515
-159.651927,96,4454.530562
-173.590402,101,4462.44495
-166.281244,103,4470.49996
-159.366312,99,4478.14154
-162.56786,99,4485.831962
-213.094592,93,4493.091251
-171.541225,99,4500.704031
-173.346955,100,4508.442775
-159.901664,97,4515.987654
-212.793237,95,4523.344881
-154.115335,98,4530.969059
-156.644933,95,4538.459639
-189.062576,105,4546.794708
-185.490448,103,4554.555718
-159.893347,103,4561.46449
-149.093219,95,4567.852236
-155.310515,100,4574.56087
-160.618678,96,4581.215117
-150.256701,100,4588.922402
-155.367429,101,4596.686233
-227.033112,95,4603.942557
-174.317548,102,4610.80178
-203.935857,108,4618.449851
-156.749948,103,4626.416199
-150.934869,98,4633.982429
-153.51273,100,4641.543228
-189.451424,96,4648.891422
-185.768075,99,4656.684547
-189.034013,98,4664.241179
-152.793523,99,4671.816449
-189.779887,98,4679.349796
-151.334321,99,4686.919616
-157.224751,100,4694.566251
-158.887606,95,4701.826381
-149.772967,98,4709.360277
-150.739598,99,4716.855946
-167.935051,100,4724.530002
-160.302455,98,4731.992202
-149.549404,99,4739.590281
-152.048903,97,4747.069768
-158.8193,100,4754.776548
-218.366504,92,4761.859296
-159.391645,98,4769.491281
-154.165379,96,4776.906748
-157.056612,97,4784.500731
-161.760816,97,4792.009955
-238.016067,106,4800.338513
-155.968715,103,4808.302113
-154.902317,98,4815.905998
-147.649107,101,4823.809817
-146.290208,99,4831.518112
-152.829155,98,4839.02931
-164.71329,96,4845.511886
-224.451465,92,4851.66875
-158.811809,106,4858.789528
-146.212057,97,4865.291876
-156.63485,105,4872.316397
-158.684215,95,4878.703927
-155.957607,98,4885.509637
-151.68866,97,4892.946249
-153.082658,94,4900.10313
-160.650582,99,4907.56341
-161.420165,94,4914.5378
-162.407329,100,4922.324819
-151.852979,100,4929.950372
-154.125006,102,4937.812788
-155.508796,96,4945.323631
-143.22065,97,4952.755332
-150.873189,97,4960.212697
-202.260478,96,4967.542195
-152.569931,94,4975.130344
-152.689103,97,4982.650773
-162.49769,95,4990.188747
-152.350444,93,4997.552812
-148.14583,95,5005.182172
-145.448253,94,5012.751659
-206.202838,95,5020.418202
-203.69258,96,5028.163705
-150.284764,96,5035.865923
-145.136007,95,5043.38199
-203.488,94,5050.901728
-203.182525,94,5058.373961
-202.061076,94,5066.016189
-159.191098,97,5073.894226
-149.807891,95,5081.057596
-153.11603,96,5088.403275
-150.926414,97,5095.893612
-156.443125,95,5103.008679
-153.119932,98,5110.403029
-148.639397,92,5117.32861
-145.23294,94,5124.364941
-146.328657,96,5131.693124
-153.264651,98,5139.534514
-199.824061,94,5146.619286
-148.540336,95,5153.769714
-203.683329,93,5160.788138
-143.970116,94,5167.871412
-156.737414,96,5175.120574
-200.21229,92,5182.307497
-159.578372,91,5189.683607
-163.2587,93,5196.959947
-155.445372,102,5205.124652
-164.88976,101,5212.826072
-154.151794,97,5220.398305
-151.932924,97,5228.215069
-166.908172,94,5235.354412
-161.311721,105,5243.711096
-159.346036,103,5251.850292
-251.064771,109,5260.328833
-255.669163,124,5268.790852
-324.422214,120,5277.610618
-295.128159,119,5286.424231
-354.876453,119,5295.074407
-325.803251,119,5303.570243
-289.685565,120,5312.23017
-315.319815,119,5320.828773
-305.692247,119,5329.338531
-303.028476,120,5338.123055
-289.252556,119,5346.699304
-343.452509,119,5355.389673
-287.412929,119,5363.865537
-307.724432,119,5372.302053
-307.041688,119,5381.0224
-288.502757,119,5389.755247
-310.7634,119,5398.396398
-283.68475,119,5407.093834
-253.707745,119,5415.69936
-337.487392,120,5424.266106
-354.7108,120,5432.83206
-296.488601,119,5441.288001
-317.588769,120,5449.981715
-277.122552,120,5458.774693
-262.022837,124,5467.446815
-161.911061,94,5474.312932
-162.348488,100,5481.979683
-160.748414,98,5489.513368
-164.263115,103,5497.389765
-179.001306,110,5505.825991
-156.33754,98,5513.28896
-165.385445,95,5520.520072
-169.174824,98,5528.017908
-167.529603,104,5535.985898
-180.307093,115,5544.731338
-163.678711,104,5552.579569
-166.748294,107,5560.655531
-162.592568,96,5567.937778
-159.420853,93,5575.034283
-157.011207,97,5582.3238
-160.954895,96,5589.62015
-162.354085,97,5596.954332
-162.779485,97,5604.262564
-321.551345,184,5618.214609
-241.174882,142,5628.938363
-157.935599,95,5636.128624
-159.899005,96,5643.375665
-276.881517,160,5655.358923
-173.970699,100,5662.861372
-279.687034,164,5675.139107
-239.501029,140,5685.824733
-191.489913,117,5694.683871
-440.720918,254,5713.923365
-360.519564,203,5729.416068
-311.801168,169,5742.13015
-269.01111,135,5752.442895
-235.07259,127,5762.091654
-257.236725,138,5772.595528
-249.571942,121,5781.811998
-217.366428,109,5790.166086
-271.390073,146,5801.200144
-183.250339,114,5809.811997
-176.718721,117,5818.731735
-235.152174,124,5828.111326
-198.451373,117,5836.985663
-220.854604,122,5846.279185
-211.630579,113,5854.849878
-154.163436,96,5862.129357
-239.064435,132,5872.087911
-161.919575,92,5879.031518
-156.478489,95,5886.164081
-159.72586,92,5893.187191
-194.715421,108,5901.382407
-197.689947,115,5910.086403
-205.392037,113,5918.577373
-209.962898,115,5927.316699
-171.925591,96,5934.59728
-152.019759,94,5941.829834
-162.757898,92,5948.513257
-151.505974,92,5954.695558
-188.456755,101,5961.461671
-153.219418,94,5968.416657
-249.995688,123,5977.60674
-150.803071,98,5984.227618
-144.407694,94,5991.191693
-152.820165,92,5998.286841
-157.316102,100,6005.991078
-164.014556,94,6013.232557
-162.214344,92,6020.027149
-145.571506,95,6026.407835
-145.580966,92,6032.589118
-140.140873,92,6039.431009
-153.096143,94,6046.966065
-152.61021,93,6054.533696
-150.972277,93,6062.145108
-145.679109,92,6069.7339
-150.580457,94,6076.145239
-149.992209,97,6082.677252
-154.416807,98,6090.463819
-148.987377,93,6097.929837
-150.965604,92,6104.271597
-160.603757,93,6111.204164
-148.789647,97,6118.849941
-154.892947,95,6126.417227
-157.013664,92,6133.583841
-155.096523,96,6140.039152
-153.150273,94,6146.354183
-154.729407,93,6152.607914
-152.089568,95,6158.989925
-156.0923,98,6165.559449
-147.518329,96,6172.012815
-148.089019,93,6178.261686
-155.149842,101,6185.042351
-147.356409,97,6191.532904
-211.407932,99,6198.175982
-147.338926,97,6204.691051
-145.819619,95,6211.072328
-154.584416,95,6217.446836
-153.003918,100,6224.144053
-159.36917,97,6230.65936
-155.925443,94,6236.949677
-155.049221,97,6243.439904
-145.263124,99,6250.093701
-141.781004,96,6256.53627
-154.432314,98,6263.111427
-148.265136,93,6269.322952
-146.961797,100,6276.026403
-229.909277,109,6283.310931
-153.094157,94,6289.631844
-146.082791,99,6296.231415
-155.463969,96,6302.672977
-156.571492,97,6309.176773
-220.793713,104,6316.169786
-153.338605,96,6322.617583
-147.094259,98,6329.218049
-155.883731,99,6335.859939
-146.962004,92,6342.03572
-219.275497,103,6348.950177
-152.925995,92,6355.132033
-147.333762,94,6361.452804
-139.023879,93,6367.664399
-146.790755,92,6373.834443
-144.254955,92,6380.075556
-141.486175,93,6386.408938
-165.834982,110,6393.809491
-146.450603,92,6400.238907
-150.690168,95,6406.662115
-159.776106,95,6413.262252
-157.7415,104,6420.274119
-152.522491,100,6427.33552
-159.136583,98,6433.940348
-141.449601,93,6440.194949
-161.626321,109,6447.51593
-149.183123,101,6454.321118
-154.48808,94,6460.617746
-155.874783,97,6467.102847
-153.166733,101,6473.847396
-155.360539,97,6480.361732
-162.486077,107,6487.543664
-147.221222,98,6494.112948
-156.676548,99,6500.749149
-157.00712,104,6507.731205
-173.581247,107,6514.906317
-160.771734,104,6521.899865
-154.903951,101,6528.675722
-158.446374,101,6535.457035
-151.060828,99,6542.092936
-152.370466,102,6549.013919
-172.452568,108,6556.249913
-163.753283,102,6563.092025
-163.211694,103,6569.988352
-151.23919,98,6576.563799
-152.360852,102,6583.411743
-149.245349,99,6590.053944
-170.059813,108,6597.308455
-147.57143,95,6603.671454
-151.7255,94,6609.962875
-153.640748,98,6616.531724
-154.697602,95,6622.919304
-153.238193,99,6629.561613
-134.929313,93,6635.80297
-138.815435,94,6642.111753
-136.181083,93,6648.360965
-150.704587,94,6654.676297
-145.492088,99,6661.311118
-146.22009,96,6667.771297
-152.736803,95,6674.159769
-144.464171,102,6681.00786
-45.273595,102,6687.855633
-153.167204,123,6696.091532
-157.520682,119,6704.060726
-45.205627,103,6710.951168
-150.13042,106,6718.067067
-159.044959,111,6725.514849
-147.360612,109,6732.834829
-50.824729,103,6739.720238
-147.161972,109,6747.01677
-145.350697,100,6753.737534
-155.647972,98,6760.300981
-52.179198,100,6767.045888
-48.268875,102,6773.899523
-152.307598,104,6780.869929
-185.917224,93,6787.135581
-49.987488,102,6794.01412
-150.267282,92,6800.183943
-145.506615,97,6806.674574
-153.179048,105,6813.728609
-144.303886,100,6820.461982
-163.821108,94,6826.769938
-147.51812,104,6833.751506
-138.060598,101,6840.539953
-151.112982,94,6846.847689
-144.695923,93,6853.090862
-151.320824,96,6859.538575
-139.234877,92,6865.732354
-155.598808,92,6871.914085
-147.929471,100,6878.634318
-141.460878,101,6885.409817
-151.835074,92,6891.609186
-156.270433,92,6897.79706
-153.376244,92,6903.966705
-153.003436,93,6910.22668
-147.465297,93,6916.463296
-162.280661,94,6922.771354
-150.611007,94,6929.068639
-147.997732,95,6935.438054
-144.880414,98,6942.031724
-145.476755,94,6948.340874
-153.186117,97,6954.855558
-146.284761,94,6961.181573
-141.33235,96,6967.642503
-157.319308,94,6973.951288
-152.280299,92,6980.126848
-146.165824,96,6986.574879
-156.014075,96,6993.028757
-148.643134,95,6999.410803
-154.294864,93,7005.664785
-145.806486,93,7011.918953
-144.448864,95,7018.319136
-156.335243,95,7024.706011
-158.781308,92,7030.870149
-140.13913,95,7037.257736
-145.211258,94,7043.572546
-145.391254,97,7050.099614
-155.704565,95,7056.498938
-149.754111,93,7062.741596
-141.54559,94,7069.055874
-143.895299,97,7075.571643
-155.346776,94,7081.88577
-143.822777,95,7088.267391
-160.289743,100,7094.963805
-149.741205,100,7101.654245
-153.944918,94,7107.957042
-148.826694,94,7114.26624
-141.982817,95,7120.647395
-160.403357,96,7127.083887
-137.231644,92,7133.265233
-136.002152,93,7139.51347
-139.751628,92,7145.676178
-154.93674,93,7151.913041
-138.210622,95,7158.282269
-148.426604,93,7164.517854
-139.163423,95,7170.887259
-132.540204,94,7177.178034
-155.492261,93,7183.414418
-143.2283,95,7189.777679
-149.785761,94,7196.092023
-134.075929,90,7202.146649
-145.925986,98,7208.716657
-141.488267,95,7215.108995
-147.92251,93,7221.449368
-141.022799,96,7227.879216
-147.50286,97,7234.387686
-154.774345,93,7240.630002
-147.126429,96,7247.090275
-159.00006,94,7253.393057
-145.648249,96,7259.822398
-149.232641,95,7266.204868
-154.255149,93,7272.434101
-141.121767,95,7278.815005
-140.480641,93,7285.027176
-145.706886,94,7291.342637
-141.842779,96,7297.809598
-150.232075,93,7304.051219
-144.321167,97,7310.565804
-155.491598,95,7316.953638
-150.57266,92,7323.135208
-143.071098,94,7329.443885
-154.963995,93,7335.698249
-144.230518,94,7342.000406
-143.728875,92,7348.182384
-143.475944,91,7354.291106
-152.98659,94,7360.593412
-143.840705,95,7366.975596
-139.000774,99,7373.623426
-133.179427,94,7379.913638
-132.439995,94,7386.234669
-145.951679,95,7392.610519
-135.749239,94,7398.913131
-144.752542,95,7405.270387
-153.148025,93,7411.512201
-142.473891,93,7417.742402
-139.087072,97,7424.263525
-145.009881,93,7430.511607
-133.52213,97,7437.020123
-143.371606,95,7443.425958
-132.242668,95,7449.802323
-142.635748,92,7455.965441
-155.205229,94,7462.280071
-141.82267,107,7469.461123
-149.570343,94,7475.77045
-133.949465,97,7482.278837
-43.183024,100,7488.99992
-154.976707,101,7495.775211
-150.776903,105,7502.829393
-138.075555,94,7509.151315
-152.197566,110,7516.561948
-146.748014,92,7522.738164
-137.371071,91,7528.858503
-148.899089,90,7534.900561
-132.930949,94,7541.202983
-135.32537,96,7547.652248
-137.681207,95,7554.051207
-157.001091,109,7561.366512
-140.342888,91,7567.480688
-52.700278,105,7574.505151
-150.809803,105,7581.522778
-150.561294,104,7588.498549
-145.316307,103,7595.413656
-150.413204,106,7602.515834
-48.059898,102,7609.33952
-150.632664,94,7615.660461
-136.418028,90,7621.715443
-146.228388,93,7627.956949
-141.146826,91,7634.065351
-142.7947,97,7640.562361
-160.679153,99,7647.210366
-153.132594,99,7653.852884
-149.948162,95,7660.23417
-41.819916,101,7666.967013
-135.671858,95,7673.36026
-155.571822,97,7679.893559
-155.453156,99,7686.578665
-52.837316,103,7693.541989
-134.545753,92,7699.71753
-141.114024,92,7705.910206
-128.607403,92,7712.104471
-44.65312,100,7718.806769
-151.637343,92,7724.9522
-141.230106,92,7731.145515
-148.911163,92,7737.322141
-156.191862,94,7743.642711
-136.006595,92,7749.841903
-144.581,93,7756.078563
-160.237429,99,7762.738251
-136.329929,94,7769.059579
-42.080044,101,7775.823082
-45.819594,102,7782.689089
-145.281675,95,7789.076919
-155.353043,97,7795.561457
-48.386698,103,7802.47034
-39.750905,103,7809.367496
-152.704818,95,7815.742778
-135.201461,93,7821.984992
-46.850661,100,7828.711433
-135.586435,95,7835.075205
-143.784956,109,7842.389527
-132.408748,94,7848.710533
-142.769957,93,7854.95814
-144.975154,92,7861.133539
-48.037999,103,7868.042928
-137.880608,94,7874.338923
-158.473411,107,7881.514743
-137.014555,92,7887.702008
-142.390548,108,7895.06584
-42.836374,100,7901.798319
-143.506293,102,7908.653103
-137.344833,93,7914.882771
-154.473237,99,7921.549361
-49.259754,114,7929.184387
-152.938416,102,7936.045842
-58.068048,99,7942.705935
-138.650657,101,7949.487766
-204.004235,97,7955.996266
-43.323354,101,7962.765293
-139.528267,92,7968.95296
-143.734271,93,7975.213567
-33.729124,101,7981.988821
-146.770245,107,7989.152555
-145.068837,94,7995.460932
-151.839677,106,8002.569903
-135.855006,98,8009.145495
-142.725114,105,8016.175456
-145.405243,108,8023.423774
-40.999308,101,8030.222587
-135.801909,93,8036.477299
-37.779701,102,8043.32527
-147.831656,93,8049.567575
-44.6504,102,8056.660104
-148.749171,106,8065.477755
-47.246451,99,8072.178953
-140.685073,104,8079.166655
-144.004298,107,8086.323807
-139.314376,106,8093.449826
-222.608812,100,8100.140302
-146.663333,103,8107.05573
-47.076474,101,8113.848734
-147.718883,92,8120.013019
-151.39505,92,8126.181464
-44.945385,100,8132.890306
-146.633746,103,8139.811937
-148.046585,103,8146.714486
-44.440621,100,8153.448082
-146.692176,102,8160.301924
-133.686965,98,8166.882914
-143.223308,92,8173.052593
-46.128172,100,8179.76149
-151.091535,93,8185.997311
-58.393675,99,8193.271171
-46.60777,101,8201.179105
-158.814344,104,8208.202704
-144.355187,105,8215.238466
-57.149647,100,8221.941333
-153.889266,107,8229.122962
-141.430571,103,8236.691947
-152.700948,94,8243.662068
-334.927686,130,8253.357485
-141.328185,100,8260.447511
-142.632709,96,8266.878894
-312.812958,130,8275.611666
-136.170069,94,8281.909616
-142.575097,94,8288.210528
-134.451621,94,8294.509128
-147.561865,101,8301.27263
-139.562128,94,8307.816197
-135.755478,92,8313.984462
-141.272012,93,8320.208776
-152.221384,92,8326.364923
-263.655188,110,8333.754256
-149.965022,101,8340.504142
-139.852411,94,8346.800556
-156.401874,108,8354.04223
-143.283924,100,8360.776163
-139.221917,100,8367.478793
-137.942817,93,8373.708086
-42.441058,101,8380.490727
-154.424824,107,8387.678509
-154.399792,106,8394.781277
-49.462607,99,8401.420571
-42.405584,100,8408.12015
-49.35702,101,8414.918433
-149.988397,93,8421.155669
-50.024492,99,8427.773078
-142.796149,104,8434.694068
-144.247139,106,8441.797115
-142.698818,105,8448.826286
-159.290048,106,8455.92697
-154.05648,102,8462.752441
-36.480347,99,8469.401315
-148.279475,104,8476.369823
-39.795473,101,8483.129532
-142.011773,104,8490.115683
-147.163223,101,8496.915778
-39.766291,100,8503.636682
-136.217234,103,8510.568396
-48.081323,104,8517.606105
-56.183384,98,8524.211532
-41.566594,100,8530.908085
-157.679267,101,8537.698863
-143.437113,106,8544.778622
-153.807097,103,8551.700332
-146.105034,104,8559.007543
-140.995399,98,8565.734953
-139.671278,97,8572.350419
-150.511119,107,8579.518074
-38.617937,100,8586.869703
-54.558223,121,8595.031912
-42.460676,103,8601.996134
-48.795202,102,8608.886497
-55.46949,106,8616.051851
-142.891705,93,8622.302825
-141.622145,106,8629.429892
-44.770673,104,8637.037845
-131.631035,94,8644.33762
-38.268396,101,8651.126925
-40.738989,103,8658.053591
-139.220297,94,8664.368307
-314.021882,122,8672.497549
-138.73805,94,8678.798595
-154.179484,92,8684.944407
-142.093599,95,8691.309865
-133.651109,92,8697.472006
-137.917327,97,8703.98476
-148.2395,94,8710.275578
-133.23527,95,8716.687618
-131.947638,91,8722.790254
-137.882732,96,8729.225556
-149.319939,93,8735.462157
-133.599577,92,8740.771269
-136.332974,96,8746.03957
-135.502061,93,8751.137851
-141.322865,94,8756.287551
-134.607232,93,8761.417634
-135.530085,94,8766.594188
-46.6844,100,8772.091135
-136.193315,93,8777.198979
-144.310667,95,8782.416947
-59.735766,106,8788.230779
-46.436305,99,8793.668517
-54.407471,102,8799.26277
-136.947029,96,8804.538969
-38.113892,101,8810.087838
-45.292385,102,8815.696348
-142.63814,99,8821.132691
-50.162239,105,8826.884197
-42.272365,101,8832.43478
-49.049264,101,8837.974783
-34.847317,101,8843.609461
-148.234325,98,8849.115056
-147.818054,103,8854.805665
-158.148922,108,8860.742931
-39.689778,103,8866.415997
-46.143991,103,8872.081906
-47.47349,100,8877.56186
-157.153926,107,8883.432607
-142.276989,104,8889.13719
-152.752171,100,8894.640375
-149.182314,94,8899.796443
-34.232987,99,8905.250486
-46.09643,100,8910.740097
-53.955534,100,8916.242842
-30.649454,99,8921.681474
-33.954659,101,8927.232362
-45.851522,99,8932.668892
-148.589359,97,8937.991534
-154.588671,97,8943.33294
-149.998479,100,8948.828408
-52.130935,101,8954.37696
-42.14416,106,8960.21312
-45.813772,101,8965.759662
-43.518815,102,8971.384938
-47.485983,101,8976.932663
-58.509535,100,8982.42259
-136.962381,99,8987.860186
-37.615417,104,8993.569095
-47.126451,101,8999.122042
-40.396687,101,9004.703284
-142.41267,97,9010.170912
-41.951263,99,9015.777929
-37.502376,99,9021.51012
-43.290234,98,9026.945435
-62.212511,113,9033.14947
-38.71243,99,9038.572946
-45.656651,102,9044.167975
-146.949889,96,9049.447912
-51.454857,100,9054.923585
-43.051806,111,9061.024515
-41.425387,101,9066.57482
-43.905655,107,9072.450142
-37.927103,101,9077.993805
-39.047847,100,9083.482203
-36.062944,101,9089.001085
-145.635292,103,9094.67319
-56.644267,100,9100.171793
-46.368914,101,9105.71297
-52.223399,100,9111.195709
-43.292905,104,9116.929396
-40.223397,101,9122.480139
-141.764064,103,9128.112121
-47.477659,99,9133.519771
-49.69772,99,9138.962087
-43.559525,99,9144.40222
-149.729875,99,9149.828726
-56.585285,100,9155.387664
-43.686908,100,9160.886163
-43.151704,99,9166.324503
-132.403542,100,9171.851881
-48.955442,99,9177.424503
-50.641211,102,9182.990493
-48.721983,104,9188.693394
-51.748975,100,9194.194171
-48.214069,114,9200.458143
-164.202294,114,9206.726517
-159.567617,115,9213.03164
-42.37737,103,9218.681731
-44.644245,100,9224.189944
-42.329014,100,9229.681702
-32.956413,101,9235.222335
-47.066802,99,9240.656233
-145.795213,111,9246.76626
-49.059371,102,9252.360295
-43.8984,102,9257.956432
-57.899403,100,9263.447497
-62.766792,123,9270.247122
-40.639732,99,9275.759399
-37.465231,98,9281.184063
-53.428197,98,9286.777235
-47.439628,101,9292.557673
-52.784727,105,9298.393587
-44.118654,98,9303.778645
-31.609586,100,9309.255285
-49.196934,99,9314.685596
-43.907219,103,9320.327942
-41.6586,102,9325.943403
-39.52384,101,9331.492661
-40.104007,101,9337.025668
-42.417625,101,9342.578671
-36.115105,102,9348.170565
-43.589612,99,9353.618842
-49.925712,100,9359.11079
-52.116152,99,9364.531325
-51.056563,101,9370.090832
-53.159955,100,9375.764853
-49.449959,103,9381.433075
-56.776181,101,9387.007098
-62.218097,120,9393.592737
-56.504114,99,9399.044172
-33.380859,99,9404.49655
-44.674408,99,9409.910973
-151.547436,103,9415.691435
-44.041062,102,9421.383466
-156.277217,107,9427.542609
-142.622169,100,9433.211148
-47.025175,101,9438.786523
-159.353365,118,9445.365742
-41.937537,104,9451.197972
-49.645231,105,9457.1145
-51.400156,103,9462.96286
-39.617568,102,9468.82946
-139.59138,103,9474.591571
-58.400212,101,9480.339231
-43.782557,101,9486.021796
-45.42074,99,9491.560005
-44.991956,100,9497.07919
-153.463592,112,9503.280528
-51.530682,99,9508.887157
-48.471716,102,9514.735153
-50.70127,102,9520.559583
-53.997812,101,9526.244098
-48.029524,101,9531.970759
-48.777549,100,9537.654316
-40.888921,99,9543.261812
-236.505955,195,9554.175033
-60.645315,107,9560.25975
-49.961147,101,9565.930985
-43.857115,101,9571.611166
-44.720415,100,9577.305366
-49.295735,101,9582.985436
-56.768576,105,9588.915401
-170.531709,112,9595.227443
-51.640617,100,9600.981586
-46.482585,102,9606.783072
-60.128744,103,9612.657613
-78.065435,108,9618.774838
-43.551411,100,9624.426188
-50.653606,101,9630.194467
-51.785194,101,9635.933989
-68.597492,108,9642.038347
-56.590925,103,9647.879885
-68.063234,113,9654.232251
-61.746345,101,9659.934288
-152.210066,109,9666.218276
-60.088356,102,9671.994737
-53.42966,99,9677.599352
-48.726237,100,9683.243042
-45.736375,100,9688.791077
-51.02339,100,9694.368052
-50.117916,103,9700.163673
-53.565565,101,9705.840414
-163.581703,120,9712.701308
-52.689586,101,9718.445056
-52.739465,103,9724.245861
-52.221671,100,9729.852527
-50.580437,99,9735.445696
-56.773224,101,9741.092244
-61.700264,107,9747.142784
-50.994781,100,9752.783754
-47.971033,103,9758.731004
-51.517873,103,9764.599092
-52.929134,101,9770.330161
-49.453039,101,9776.02875
-46.921479,102,9781.786353
-50.707234,102,9787.580544
-53.269888,100,9793.265336
-46.472671,101,9799.078399
-44.579595,102,9804.917307
-49.244604,100,9810.629583
-50.373636,102,9816.539478
-167.962617,107,9822.699199
-50.916258,101,9828.494611
-45.935091,101,9834.355452
-53.824967,104,9840.290549
-52.581869,102,9846.214519
-53.091828,101,9852.11197
-52.834133,103,9858.116604
-50.137002,100,9863.967615
-47.235786,103,9869.946103
-44.785123,103,9875.956782
-41.517488,102,9881.867054
-60.879203,103,9887.86141
-48.320778,103,9893.774692
-43.322478,101,9899.578299
-47.177231,100,9905.273307
-55.846934,103,9911.11487
-56.39905,103,9916.963391
-44.930454,101,9922.774568
-57.579057,103,9928.674856
-53.362344,105,9934.623973
-43.720121,101,9940.384934
-54.042853,104,9946.277788
-43.051971,102,9952.152788
-42.5857,101,9957.883949
-48.925215,103,9963.790022
-44.723845,107,9969.906498
-51.385416,102,9975.752822
-53.860788,105,9981.804363
-35.486399,102,9987.618482
-41.000529,103,9993.586057
-42.13247,101,9999.514961
-56.49338,111,10005.955674
-44.160418,104,10012.01434
-65.311604,106,10018.172801
-41.876619,103,10024.092878
-43.486348,103,10030.107002
-52.0813,105,10036.161936
-61.552657,110,10042.55476
-42.112992,101,10048.394517
-59.748313,109,10054.720293
-57.669192,106,10060.847894
-57.129947,104,10066.930628
-50.989121,107,10073.152144
-46.388927,104,10079.195571
-44.392669,102,10085.07056
-48.116587,105,10091.166842
-49.421524,103,10097.155023
-48.651508,104,10103.199132
-51.910518,104,10109.181261
-54.070511,103,10115.12011
-54.183508,102,10121.058404
-40.296904,104,10127.016222
-59.510284,108,10133.272711
-48.395946,104,10139.275017
-43.489684,103,10145.201485
-42.388606,105,10151.161989
-41.976104,102,10157.031129
-50.057152,102,10162.82544
-52.772392,102,10168.674335
-50.89566,103,10174.637343
-36.265604,103,10180.456466
-51.734807,99,10186.017219
-148.617521,117,10192.710544
-48.116021,103,10198.591039
-42.967414,102,10204.417613
-54.637779,102,10210.162748
-158.718214,109,10216.30819
-42.324192,103,10222.125061
-55.72147,104,10228.070194
-50.712492,104,10234.063273
-47.604759,104,10240.166696
-53.444982,102,10246.180386
-50.627795,102,10252.176749
-57.430588,107,10258.491695
-45.202345,102,10264.354041
-47.759105,103,10270.329381
-43.623071,105,10276.385598
-38.019141,103,10282.310663
-47.801353,104,10288.437582
-56.330543,107,10294.644598
-58.463277,105,10300.715872
-38.430526,103,10306.668526
-48.466016,101,10312.521659
-45.857695,108,10318.802906
-64.320937,102,10324.794743
-44.811663,103,10330.766322
-43.348107,106,10336.925804
-55.44687,104,10343.047603
-42.760345,106,10349.188239
-43.141035,103,10355.179921
-46.951633,102,10361.068763
-159.015143,116,10367.847543
-40.668901,102,10373.808
-40.981426,100,10379.481267
-51.950061,102,10385.257348
-60.298557,107,10391.35526
-37.105941,103,10397.166684
-52.58723,106,10403.184529
-45.313963,100,10408.800779
-54.633993,104,10414.642186
-58.752047,104,10420.456761
-39.915978,101,10426.135678
-39.844047,103,10431.909256
-49.632295,101,10437.564688
-47.646777,107,10443.57587
-144.711062,113,10449.977108
-36.409186,101,10455.663899
-51.802577,101,10461.32709
-43.66163,101,10466.956771
-46.267198,101,10472.647041
-147.879077,110,10478.961483
-57.309219,114,10485.591528
-162.895734,115,10492.300486
-41.827278,101,10498.231139
-65.408271,108,10504.366996
-49.567669,102,10510.226913
-58.411018,102,10516.081572
-51.803994,109,10522.357314
-48.383899,102,10528.3004
-44.347572,102,10534.347982
-40.095097,101,10540.231353
-53.399316,104,10546.195345
-47.801659,100,10551.944777
-62.487945,107,10558.048182
-46.692178,104,10564.039037
-47.843106,108,10570.152724
-168.765656,125,10577.461381
-162.326362,117,10584.239695
-47.304539,107,10590.422337
-58.905517,102,10596.374516
-40.77973,99,10602.199832
-143.271518,105,10608.341701
-57.152883,114,10614.943398
-49.14099,100,10620.703957
-42.610821,102,10626.542099
-48.814363,102,10632.351275
-147.469154,116,10639.027259
-39.634076,100,10644.748291
-54.521709,101,10650.543464
-46.734227,100,10656.297763
-48.242274,102,10662.183199
-44.066343,103,10668.05474
-46.627746,101,10673.905575
-55.844257,104,10679.900154
-56.364109,104,10685.913008
-41.371402,101,10691.725761
-39.727398,102,10697.646181
-57.981769,102,10703.505606
-48.89388,101,10709.372731
-49.22933,100,10715.124794
-52.03748,104,10721.208557
-39.486164,101,10727.077865
-38.09094,100,10732.912229
-52.880138,99,10738.641814
-47.012761,99,10744.346193
-43.203826,100,10750.082141
-42.292422,101,10755.879843
-48.615325,101,10761.663118
-42.937115,102,10767.547944
-49.650805,101,10773.40278
-42.240066,101,10779.179679
-46.424526,102,10785.048752
-50.895646,103,10791.019659
-44.25753,104,10797.031315
-46.183747,101,10802.857321
-45.478152,100,10808.68686
-55.828306,105,10814.812612
-49.870199,111,10821.304361
-50.906286,103,10827.279292
-59.41504,101,10833.038056
-60.912838,100,10838.811981
-47.977039,99,10844.536854
-45.704424,103,10850.43672
-41.11454,101,10856.256148
-39.138502,100,10862.14394
-39.554927,100,10867.877128
-47.661345,101,10873.645302
-49.455925,101,10879.492763
-40.968114,100,10885.204558
-52.590828,101,10890.974364
-64.034139,102,10896.777927
-53.432593,103,10902.710932
-60.600702,100,10908.459839
-51.993376,102,10914.319201
-45.926298,101,10920.043901
-50.100042,102,10925.844365
-44.228717,100,10931.498729
-58.209592,102,10937.28651
-46.671822,101,10943.172163
-56.040868,101,10948.849555
-150.475473,125,10955.852457
-45.379087,101,10961.41784
-47.867387,101,10966.974761
-41.121653,101,10972.516336
-40.806956,102,10978.12449
-53.563613,101,10983.64567
-39.554471,100,10989.152045
-57.165081,101,10994.716338
-53.019536,102,11000.305098
-57.322227,102,11005.906787
-51.845474,99,11011.349989
-50.301369,99,11016.781636
-50.240242,103,11022.439901
-33.804878,99,11027.884205
-61.008102,101,11033.441199
-53.612312,102,11039.023343
-45.364595,99,11044.447285
-38.738472,101,11050.6603
-42.569592,100,11056.220378
-48.067465,99,11061.905679
-45.966138,100,11067.729582
-50.72847,104,11073.651964
-35.938886,100,11079.377628
-40.071869,101,11085.087188
-53.848496,101,11090.811792
-52.352626,100,11096.439804
-51.578489,101,11102.116778
-57.015851,111,11108.282077
-40.478567,102,11114.001195
-57.18933,100,11119.63928
-32.57952,100,11125.240161
-59.979808,108,11131.305181
-47.233712,100,11136.929404
-35.703183,100,11142.540952
-44.250944,102,11148.26528
-56.047755,102,11154.100491
-56.125151,100,11159.912776
-51.832712,99,11165.612055
-58.507108,101,11171.517132
-45.822879,99,11177.142097
-55.053163,101,11182.876988
-39.524946,98,11188.411144
-57.85749,99,11194.033422
-38.570131,101,11199.798406
-59.746815,101,11205.590925
-155.545145,105,11211.523337
-49.719522,102,11217.375003
-51.105555,101,11223.096692
-42.292224,102,11228.828761
-42.024576,102,11234.580172
-37.35714,99,11240.200192
-40.384684,101,11245.906503
-47.900066,101,11251.648292
-45.370082,101,11257.305782
-49.691689,103,11263.115271
-57.70054,101,11268.871149
-39.991339,100,11274.517716
-49.323827,99,11280.208778
-39.676477,101,11285.906748
-44.92978,100,11291.625551
-39.170236,101,11297.342666
-60.007208,100,11303.055851
-166.27342,122,11309.986306
-41.597469,99,11315.630808
-48.386576,100,11321.327042
-58.894437,100,11326.99957
-49.755407,100,11332.59431
-56.073954,102,11338.333518
-56.072848,103,11344.086077
-148.041981,106,11349.998137
-53.152621,100,11355.593079
-41.871404,100,11361.225314
-41.49331,100,11366.847369
-42.331735,99,11372.405771
-42.003505,101,11378.059844
-41.995921,99,11383.5764
-61.294964,100,11389.227435
-39.958025,101,11394.896528
-40.717744,101,11400.606477
-49.010982,102,11406.437304
-38.898935,101,11412.155704
-46.025881,99,11417.74727
-58.158744,101,11423.506238
-40.29395,100,11429.299281
-62.462073,105,11435.400213
-40.006173,101,11441.26189
-44.407397,101,11447.083122
-39.618198,101,11452.886187
-48.156228,100,11458.633472
-47.242286,100,11464.400652
-39.581069,99,11470.040864
-41.244034,99,11475.752738
-39.695574,101,11481.549085
-41.483059,100,11487.336434
-54.63384,100,11493.146938
-45.580377,101,11498.974102
-41.795722,99,11504.694596
-57.455137,101,11510.50695
-39.76758,100,11516.236036
-39.749789,100,11522.039469
-58.785502,100,11527.883519
-47.799148,99,11533.686403
-52.343667,102,11539.625782
-55.272313,99,11545.353236
-48.007665,98,11550.848855
-48.643302,99,11556.307283
-42.055352,100,11562.111137
-39.440623,98,11567.662861
-39.674572,99,11573.293561
-55.762022,101,11579.010747
-65.428511,101,11584.77754
-47.432205,100,11590.4913
-39.292336,99,11596.334682
-48.476149,101,11601.964673
-50.415077,101,11607.782708
-58.759303,100,11613.702313
-47.510026,100,11619.586991
-165.631986,119,11626.489552
-52.327542,112,11632.908625
-46.998728,101,11638.720515
-42.669745,99,11644.441287
-42.644779,99,11650.114827
-45.950006,101,11655.780894
-40.259069,99,11661.428064
-46.065756,99,11667.088993
-45.945638,99,11672.785499
-45.560052,101,11678.54191
-40.383877,99,11684.30644
-134.496014,92,11689.507023
-168.286642,91,11694.284745
-63.698323,102,11699.889035
-41.240773,99,11705.314692
-56.762922,102,11710.932426
-62.550184,101,11716.46576
-51.194106,100,11721.965808
-55.9726,101,11727.507556
-293.372031,118,11733.167151
-321.453174,118,11738.645135
-345.793177,117,11744.485035
-329.07953,118,11750.341923
-295.045534,119,11756.334892
-272.432957,119,11761.859906
-267.774865,119,11767.377661
-319.559248,118,11773.051611
-300.466175,118,11778.807094
-273.178704,118,11784.419081
-307.278243,118,11789.925188
-350.384034,118,11795.545532
-339.26904,118,11801.288717
-294.2674,118,11806.822719
-305.567764,119,11812.342307
-291.526689,118,11817.965513
-305.806866,119,11823.440251
-345.858019,130,11829.815299
-46.743086,102,11835.428951
-55.863797,99,11840.853151
-46.456705,99,11846.292677
-51.291863,108,11852.223995
-50.879393,100,11857.74551
-46.27054,101,11863.29794
-48.842511,101,11868.886528
-56.79849,99,11874.532667
-57.209322,104,11880.334713
-59.212071,101,11885.88986
-56.366658,102,11891.514216
-49.776816,101,11897.046864
-44.41933,99,11902.487223
-48.436669,99,11907.916844
-53.462632,101,11913.474887
-53.627494,98,11918.862167
-42.86675,99,11924.310286
-43.092008,99,11929.749971
-46.609412,99,11935.169961
-56.291801,100,11940.655066
-44.141266,103,11946.317431
-57.761913,102,11951.91786
-41.599028,100,11957.428101
-52.680973,99,11962.845837
-47.441765,100,11968.336548
-47.269682,102,11974.005172
-50.93465,102,11979.615112
-56.245136,101,11985.162145
-54.905235,100,11990.658625
-41.637974,99,11996.076838
-57.302513,99,12001.52316
-44.788256,99,12006.963017
-64.618343,101,12012.504472
-61.547869,102,12018.12733
-42.287792,100,12023.627114
-58.538138,101,12029.178117
-46.848284,101,12034.711052
-56.912171,101,12040.256133
-63.28951,101,12045.805525
-45.961367,101,12051.344268
-34.545881,98,12056.716414
-153.591788,110,12062.773317
-40.340334,99,12068.188696
-42.822014,98,12073.580333
-46.986156,103,12079.249
-59.232229,100,12084.748376
-42.802752,98,12090.127138
-44.843421,98,12095.518626
-54.512484,109,12101.520236
-166.966373,92,12106.589212
-185.377485,93,12111.698389
-42.943706,99,12117.137485
-46.870543,100,12122.715961
-47.002237,99,12128.249014
-37.579905,99,12133.930146
-39.545539,98,12139.533632
-55.23986,102,12145.386481
-56.364937,100,12151.446848
-43.291796,98,12157.465047
-44.116773,98,12163.290788
-52.320569,98,12169.210928
-41.519222,99,12175.15491
-39.50985,100,12181.089933
-41.408909,99,12186.920071
-46.036736,109,12193.349111
-42.424007,101,12199.300998
-42.987339,99,12204.983789
-39.871936,98,12210.669896
-61.474053,101,12216.428623
-45.439805,99,12222.024663
-173.676965,96,12227.508123
-49.638627,98,12233.079084
-149.970356,121,12240.043967
-63.76026,102,12245.933468
-36.593012,99,12251.48287
-47.315007,99,12257.104301
-50.225222,100,12262.775679
-57.163665,102,12268.564094
-47.091574,103,12274.473876
-46.310038,99,12280.143942
-43.79195,99,12285.934914
-50.102797,99,12291.575859
-254.516488,128,12298.95017
-59.187106,100,12304.736798
-46.766473,103,12310.615341
-342.13533,152,12319.464524
-87.11324,114,12326.476089
-385.981249,174,12336.554966
-108.914518,127,12343.729814
-276.223686,134,12351.263708
-506.764449,214,12363.352391
-1232.118346,409,12386.586489
-588.775823,213,12398.95759
-503.148103,198,12410.345002
-56.09192,102,12416.198727
-513.42573,212,12428.181649
-489.488572,194,12439.059048
-791.770265,266,12454.080362
-59.706715,107,12460.154299
-520.172773,208,12471.929994
-1252.058703,429,12496.147866
-493.609488,203,12507.740135
-865.859138,306,12525.624803
-1235.036017,500,12553.829143
-1287.946729,500,12581.659588
-1597.226572,500,12609.604374
-1354.452718,500,12638.182704
-1356.344142,500,12666.823278
-1277.490163,500,12695.063741
-1369.230638,500,12723.401789
-1110.19101,500,12752.267359
-848.506389,499,12780.853314
-1289.23323,500,12809.106861
-702.210546,265,12823.084566
-306.120237,118,12828.722442
-335.852878,118,12834.171152
-320.6195,117,12839.742247
-330.736645,117,12845.366513
-362.21388,117,12850.932431
-303.537924,118,12856.695832
-342.904537,117,12862.239512
-285.522815,118,12867.728017
-276.278056,118,12873.352519
-244.039041,118,12878.961602
-264.897508,118,12884.638479
-339.01478,118,12890.074856
-265.96334,118,12895.492915
-247.643179,119,12901.020187
-301.984506,118,12906.492409
-265.092004,118,12912.031633
-904.367285,462,12937.076527
-1075.245336,500,12965.754009
-1095.091846,500,12994.149093
-1111.178301,500,13022.191682
-1083.993554,500,13050.231179
-1087.250305,500,13078.057176
-1065.759457,500,13106.304701
-1080.619224,500,13134.996401
-1090.696309,500,13163.36688
-1110.777442,500,13191.462461
-936.01202,500,13219.595598
-368.785554,203,13230.937128
-884.378815,500,13258.914798
-837.188078,500,13287.987955
-733.755204,500,13316.689746
-735.129761,500,13344.452043
-759.544627,500,13371.972612
-731.643208,500,13399.770815
-686.458007,500,13427.503416
-668.42355,500,13455.235907
-668.107486,500,13482.863761
-622.44171,500,13510.717068
-680.517209,500,13538.340786
-599.479818,500,13566.194028
-539.673844,500,13594.797923
-1180.019529,500,13623.353951
-1112.404068,500,13651.213769
-1156.548314,500,13678.84843
-1056.924925,500,13706.843077
-1022.333147,500,13734.526232
-976.110918,500,13762.571485
-962.562353,500,13790.940612
-956.155663,500,13819.017874
-949.62856,500,13847.216582
-945.581058,500,13875.50094
-945.245954,500,13903.766011
-945.67621,500,13931.57097
-969.475088,500,13959.316447
-1007.68773,500,13987.022163
-980.631982,500,14015.124234
-1010.6598,500,14043.553417
-1028.365458,500,14071.357879
-957.834162,500,14099.406168
-678.770714,500,14127.512267
-670.623495,500,14155.336635
-795.10302,500,14183.18322
-846.200495,500,14211.600165
-914.015972,500,14239.944211
-1038.571434,500,14267.712269
-1010.334367,500,14295.577784
-1000.212858,500,14323.583009
-1011.168465,500,14351.992826
-1008.681256,500,14380.2719
-947.04492,500,14408.40315
-985.450971,500,14436.988828
-978.287795,500,14465.065501
-982.536266,500,14493.065477
-1444.304857,500,14521.215988
-1087.348651,500,14549.473495
-1190.721407,500,14577.907406
-1814.242701,500,14606.132997
-1104.720119,500,14634.409509
-1121.517784,500,14662.741989
-1888.268662,500,14691.136197
-1810.220717,500,14719.611868
-1112.392973,500,14747.532577
-1130.249672,500,14775.622147
-1079.243981,500,14803.62731
-1098.443103,500,14831.710309
-1075.183472,500,14859.564457
-1013.329613,500,14887.605012
-1026.47474,500,14915.724027
-949.445782,500,14943.638934
-1150.921583,500,14972.462018
-1088.904609,500,15001.29025
-1109.902432,500,15029.942876
-1052.94712,500,15058.650627
-1022.40616,500,15086.673284
-1113.048726,500,15115.073197
-1157.468404,500,15143.543558
-1106.690577,500,15173.064304
-940.881238,500,15201.516685
-1192.25905,500,15230.097467
-749.226773,500,15258.696388
-810.851321,500,15288.052747
-739.632679,500,15316.871271
-765.628566,500,15345.407194
-947.163723,500,15373.878912
-725.81437,500,15403.070756
-747.983099,500,15431.669561
-799.990429,500,15460.438548
-789.612414,500,15490.188462
-768.765057,500,15519.059886
-778.195032,500,15547.997317
-1003.418554,500,15576.699224
-859.718253,500,15605.602267
-930.433877,500,15634.793141
-1050.711983,500,15663.786532
-926.769939,500,15692.724733
-931.763157,500,15721.710889
-1025.308096,500,15750.679289
-1076.72601,500,15780.071185
-1037.576591,500,15808.829658
-1055.755892,500,15837.566292
-1019.511397,500,15865.906464
-1161.004897,500,15894.38797
