#{"t_start": 1753533662.850664, "env_id": "None"}
r,l,t
-1556.573539,500,9.187336
-1691.255518,500,15.630017
-1551.128986,500,22.604886
-1661.15432,500,29.150163
-1772.933392,500,38.465266
-1866.185837,500,45.549193
-1637.720878,500,52.572814
-1707.845136,500,59.421181
-1756.91208,500,68.335885
-1352.582884,500,74.656425
-1879.891156,500,81.098783
-1118.237514,500,87.571458
-1625.54339,500,96.177678
-1795.458924,500,102.728242
-1285.652068,500,109.655452
-1714.317918,500,116.515427
-1524.792428,500,125.406266
-1007.275381,500,131.79987
-1158.60081,500,138.52659
-1023.969174,500,145.150894
-1372.604698,500,153.89517
-1160.135313,500,160.277301
-1032.923102,500,166.943886
-1238.854944,500,173.537367
-1253.784148,500,182.494446
-1280.413192,467,188.251265
-638.727399,327,192.37893
-441.500435,261,195.72422
-858.017369,420,200.948211
-736.352113,347,205.354131
-988.437018,413,212.590101
-654.970426,274,216.177431
-771.107715,373,221.026349
-659.008799,374,225.977614
-838.261984,428,231.613298
-821.528239,397,239.121688
-592.410607,258,242.346545
-708.702551,344,246.788856
-865.326787,384,251.806272
-799.660425,400,257.017681
-655.772845,341,261.520918
-516.380727,268,267.417664
-426.375922,218,270.126888
-412.233704,233,273.120482
-438.041012,275,276.817878
-677.315735,312,280.96302
-507.384879,243,284.199251
-372.642796,185,286.744199
-435.662305,231,289.865234
-539.81059,251,295.48973
-624.401371,236,298.39848
-495.426553,219,301.209635
-516.95366,231,304.173312
-641.66401,333,308.47014
-407.601498,211,311.373025
-339.144692,213,314.294744
-493.217044,244,317.578918
-455.495317,221,320.475329
-353.92236,195,325.342337
-417.906194,241,328.354807
-296.239453,211,331.214707
-299.585884,161,333.323747
-296.989249,172,335.838541
-364.636362,197,338.735775
-284.270043,173,341.123865
-372.316418,167,343.298902
-318.582465,170,345.589884
-298.860729,178,348.062414
-396.051775,198,350.735212
-385.329837,213,355.953036
-329.996748,182,358.249934
-332.502689,162,360.461898
-243.130148,136,362.267645
-579.257686,226,365.255868
-372.837888,196,367.958638
-178.235425,150,369.952705
-358.459082,217,372.952044
-298.465537,165,375.40089
-459.816228,205,378.133907
-301.456128,179,380.448547
-300.369827,171,384.87273
-330.590659,159,386.872554
-269.732724,167,388.994483
-384.635842,209,391.6851
-444.281098,185,394.199721
-368.312668,173,396.593156
-356.487141,177,398.962574
-387.112933,167,401.235887
-891.167191,327,405.665792
-383.156155,209,408.489978
-512.368586,253,414.319939
-341.335421,199,416.811066
-458.040364,183,419.125744
-450.092545,220,421.998341
-408.148421,210,424.65233
-545.710373,227,427.561458
-557.955692,297,431.337569
-300.588013,189,433.725349
-451.413443,221,436.531082
-308.876239,169,438.688329
-459.273168,199,443.464101
-367.490048,190,445.803357
-299.682515,168,447.887772
-325.564658,168,450.045603
-552.240669,242,453.166733
-392.827699,201,455.808996
-291.720381,139,457.65797
-305.690585,178,460.032893
-492.584539,243,463.256984
-579.855149,260,466.650987
-465.094714,245,472.317856
-547.892441,222,475.086852
-357.776231,175,477.316953
-330.653091,158,479.347574
-419.351748,185,481.723361
-386.3176,181,484.068389
-321.176213,151,486.061989
-544.053758,240,489.18316
-497.918829,238,492.35939
-341.77727,171,494.576478
-480.730954,221,497.443917
-399.071202,171,502.037055
-281.932945,144,503.87907
-528.854133,204,506.443143
-295.43298,136,508.158244
-368.527999,161,510.230617
-586.647652,292,514.187983
-261.398287,170,516.478553
-399.180727,170,518.775236
-578.292815,215,521.605824
-434.472538,191,524.218405
-303.761346,140,526.163905
-383.334294,184,530.872711
-340.239175,159,532.90801
-260.314886,181,535.241618
-365.132274,165,537.459971
-307.784186,140,539.392901
-523.042311,228,542.411193
-422.784501,169,544.580919
-259.4088,131,546.259602
-460.584919,188,548.865378
-275.871971,142,550.859195
-359.860077,148,552.798027
-416.715106,171,555.10757
-362.279225,143,559.283194
-293.649751,164,561.331117
-268.91241,137,563.076862
-273.694129,138,564.846311
-238.139991,129,566.537428
-269.002427,130,568.330799
-296.126919,144,570.348862
-386.101218,152,572.36146
-374.169951,161,574.639235
-320.320437,152,576.712501
-329.830762,143,578.645514
-287.588894,135,580.554577
-337.686886,147,582.518193
-321.574234,132,584.251396
-354.849085,172,588.990963
-261.054892,133,590.67562
-245.661612,136,592.432814
-222.28286,118,593.953668
-379.766119,176,596.299332
-299.821453,137,598.147314
-219.495873,131,599.941497
-398.62648,169,602.196086
-293.368153,138,604.068684
-320.388476,140,605.994997
-429.962651,189,608.553462
-328.025487,135,610.316831
-323.248224,136,612.158936
-438.092024,194,614.813678
-415.757706,197,619.73454
-348.22463,166,621.831882
-349.039073,152,624.183698
-276.37869,123,625.855564
-289.48224,162,628.061575
-338.13686,168,630.297653
-300.644487,141,632.15822
-361.514584,158,634.297507
-274.657952,128,636.024877
-482.720465,199,638.72223
-224.850012,132,640.55817
-283.598473,128,642.315062
-241.654717,110,643.757233
-240.002855,128,645.466509
-409.922566,168,650.211892
-211.968895,122,651.805997
-272.256026,122,653.388871
-255.988849,120,655.066682
-287.010557,124,656.75087
-265.62791,151,658.750893
-235.404825,110,660.265915
-301.706156,144,662.175095
-354.328743,182,664.502138
-251.765842,126,666.144556
-207.566223,115,667.690087
-175.928003,114,669.217071
-249.575895,122,670.835228
-271.328443,128,672.501416
-369.362093,164,674.671428
-332.999112,153,678.949539
-311.015657,131,680.592308
-168.146012,107,681.937757
-227.817723,111,683.391904
-236.952545,132,685.058879
-334.555808,151,686.961739
-253.954893,126,688.567716
-264.793074,152,690.5797
-216.775936,113,692.040838
-257.710183,126,693.658484
-242.672753,104,695.070296
-253.094688,114,696.622252
-307.559237,126,698.282675
-284.674076,117,699.815386
-245.214164,121,701.415869
-284.290159,174,703.73702
-209.637423,103,707.48823
-215.750844,122,709.008769
-277.834746,154,710.930327
-177.082561,114,712.414707
-199.715298,111,713.857435
-257.089037,132,715.603075
-213.363684,105,716.99669
-194.481684,118,718.584351
-282.574307,156,720.626743
-281.989858,124,722.220652
-254.463342,128,723.984052
-271.537775,125,725.66916
-183.310722,114,727.195804
-254.406868,143,729.117606
-255.754326,123,730.741302
-352.370814,173,733.03862
-269.017378,124,737.068397
-187.807298,117,738.529199
-215.548749,105,739.844408
-285.011381,153,741.832025
-277.813844,121,743.401821
-193.993351,107,744.813846
-254.306524,158,746.89237
-202.727717,107,748.285776
-225.266546,113,749.788804
-304.945965,130,751.55814
-172.507501,108,753.006995
-282.712045,155,755.01921
-245.027297,131,756.782865
-262.688286,151,758.855268
-202.957824,104,760.267251
-200.71998,100,761.570315
-259.217018,148,765.830919
-226.34247,116,767.297275
-193.621536,100,768.581585
-182.719195,107,769.969713
-254.004794,129,771.642434
-118.795905,144,773.527584
-289.614094,140,775.466697
-182.012646,109,776.933196
-183.434167,105,778.405369
-207.545145,124,780.103114
-213.056732,109,781.533047
-219.742003,105,782.957199
-364.567891,182,785.315053
-193.615009,104,786.696402
-203.740252,111,788.211854
-198.112268,96,789.520635
-237.520843,116,791.077923
-216.177463,107,792.484305
-213.691457,118,796.247259
-347.172861,175,798.429356
-224.239677,122,800.004552
-176.497707,102,801.332232
-193.590184,105,802.695677
-224.612698,110,804.174509
-190.205138,113,805.677647
-208.198735,97,806.992061
-257.394613,119,808.561849
-226.652464,121,810.161444
-317.242184,138,811.98016
-189.918613,120,813.676904
-258.903755,151,815.749343
-204.626083,118,817.410124
-214.346074,113,819.064385
-209.122115,112,820.60378
-282.662524,154,825.149267
-180.916687,113,826.573292
-224.797178,106,827.906591
-211.583892,112,829.3969
-203.535558,126,831.312189
-217.665233,106,832.803542
-227.558358,112,834.403091
-304.385682,164,836.602422
-255.518654,113,838.13623
-222.183507,125,839.941895
-216.708921,108,841.481861
-289.089629,154,843.554483
-232.139757,108,844.97853
-279.989201,146,847.033251
-207.817401,126,848.742027
-197.942953,111,850.281131
-197.246977,112,851.844594
-205.905701,100,855.784149
-157.323413,103,857.087193
-224.115717,129,858.723369
-213.089687,113,860.159655
-227.137264,129,861.825864
-234.994265,128,863.510892
-233.668508,115,865.074723
-194.402043,99,866.395757
-174.558547,104,867.844356
-229.018243,136,869.716834
-202.987922,108,871.171613
-273.564226,139,873.068076
-203.286465,110,874.571425
-236.980446,113,876.074031
-277.496281,122,877.637586
-230.641599,138,879.407249
-167.523531,104,880.849394
-278.55828,141,882.818712
-199.889195,111,886.710412
-245.167148,122,888.261064
-225.566237,105,889.624975
-237.474992,135,891.370438
-200.973111,106,892.782631
-288.572907,159,894.939635
-267.618781,135,896.782507
-163.364807,96,898.085159
-228.598462,119,899.6779
-265.214185,114,901.230616
-194.996329,101,902.70283
-204.938355,126,904.420309
-221.212953,119,905.957365
-205.737805,110,907.399886
-215.576756,103,908.812089
-206.853317,103,910.199501
-227.077813,110,911.720704
-209.050564,110,915.357399
-281.31866,146,917.17474
-213.238007,119,918.677963
-178.604892,100,919.950918
-213.121144,112,921.375303
-195.643936,109,922.866032
-205.546104,104,924.253297
-208.878168,106,925.603943
-252.631228,138,927.368101
-186.689078,112,928.891136
-324.668174,168,931.156674
-215.462871,107,932.593039
-312.478626,145,934.489897
-209.391198,110,935.98015
-204.387534,126,937.647204
-215.644428,114,939.131252
-208.816311,101,940.465339
-198.726425,106,941.840832
-175.84106,103,945.543585
-185.134099,103,946.821899
-230.523232,119,948.343809
-177.302205,103,949.670389
-231.351544,135,951.403594
-213.046294,105,952.815856
-194.104884,100,954.112943
-228.944747,113,955.609249
-211.189546,101,956.93056
-166.522068,105,958.331353
-179.473921,93,959.585538
-211.122797,115,961.118088
-186.034075,94,962.348705
-208.793271,113,963.906383
-169.813957,97,965.179178
-201.809674,111,966.675598
-172.765169,95,967.948857
-236.132307,131,969.657716
-162.020988,98,970.997062
-230.942184,134,975.12294
-314.014802,144,976.960512
-167.267189,96,978.226734
-199.131991,95,979.486965
-208.165427,102,980.80255
-188.06156,105,982.166696
-181.751467,97,983.420819
-185.174796,101,984.747336
-225.707954,130,986.487123
-185.559074,99,987.826806
-203.72404,105,989.213918
-196.386971,107,990.64453
-245.595975,128,992.419843
-238.206653,136,994.207774
-188.186742,103,995.614385
-185.424971,109,997.068275
-183.988575,92,998.310788
-226.974192,114,999.819888
-193.499566,98,1003.389057
-253.747887,133,1005.043721
-208.7691,107,1006.419412
-227.410429,103,1007.764846
-213.290386,112,1009.243654
-233.332889,136,1011.073811
-202.293099,111,1012.558768
-263.539508,142,1014.425443
-231.123688,134,1016.225047
-214.797608,97,1017.545883
-213.742818,111,1019.061244
-172.25707,104,1020.467335
-265.977301,150,1022.618114
-179.824459,105,1024.103432
-176.352157,102,1025.448991
-158.910286,94,1026.672516
-191.328497,107,1028.084875
-157.900529,91,1029.41824
-298.171889,151,1033.733386
-157.535162,95,1034.951744
-205.421472,108,1036.314896
-197.917883,102,1037.684974
-263.441994,132,1039.387638
-276.978119,150,1041.375465
-211.754578,101,1042.890205
-192.21382,94,1044.314397
-299.138916,147,1046.320602
-242.265998,109,1047.775584
-169.238012,101,1049.265656
-194.735198,94,1050.671404
-181.462923,101,1052.09012
-187.497522,104,1053.45973
-177.402053,104,1054.841899
-265.80556,146,1056.804829
-274.331462,141,1058.726162
-170.02424,99,1060.08964
-174.893898,103,1063.744097
-260.608736,110,1065.137685
-192.393661,100,1066.440861
-190.628437,103,1067.780291
-184.18045,92,1068.998427
-174.57013,98,1070.259028
-199.690517,101,1071.586114
-202.844086,106,1073.010959
-163.336286,92,1074.228791
-167.808013,94,1075.519794
-175.902699,106,1076.919168
-200.503336,107,1078.355449
-247.562536,105,1079.785569
-272.960284,129,1081.542929
-164.79776,90,1082.791082
-190.464003,89,1083.991543
-188.668731,107,1085.391137
-183.220039,98,1086.706575
-188.227662,93,1087.949312
-178.345574,102,1089.288609
-250.695713,115,1093.166882
-209.45414,108,1094.536514
-157.975636,96,1095.821418
-176.894371,94,1097.039555
-168.530759,93,1098.269284
-243.475278,114,1099.784886
-171.435115,102,1101.105906
-174.915183,100,1102.481467
-233.13982,124,1104.129686
-184.812625,119,1105.711735
-205.214624,113,1107.250894
-186.289049,112,1108.735952
-203.860578,101,1110.118155
-218.000116,100,1111.426935
-153.552986,95,1112.6563
-277.846708,134,1114.474417
-177.008397,94,1115.778461
-186.972058,90,1117.025928
-195.126533,103,1118.396003
-168.079693,102,1119.765685
-168.788605,108,1123.644217
-178.620648,102,1124.941399
-155.507929,95,1126.406438
-183.285797,93,1128.825454
-166.909952,99,1130.383931
-149.377687,97,1131.734646
-216.060564,101,1133.116558
-172.168617,95,1134.486313
-235.545603,102,1135.922867
-189.595459,109,1137.431583
-209.451679,99,1138.837661
-201.268924,106,1140.407575
-211.310805,100,1141.764417
-161.062961,97,1143.09195
-172.251806,89,1144.358433
-240.571119,126,1146.092353
-171.662725,93,1147.303641
-204.214222,100,1148.722944
-174.971028,98,1150.085468
-170.618161,95,1151.370291
-190.686694,87,1155.098029
-185.29625,89,1156.35199
-178.748808,97,1157.758416
-161.616261,96,1159.139561
-177.67541,95,1160.381924
-170.996541,92,1161.606158
-171.666203,103,1162.994462
-187.134159,96,1164.254202
-195.292432,96,1165.508922
-173.560829,101,1166.811448
-198.362198,114,1168.272908
-175.440337,93,1169.532904
-166.878515,96,1170.817856
-154.698317,93,1172.048021
-191.962222,92,1173.266414
-180.661725,94,1174.527021
-225.710961,119,1176.066004
-149.424172,93,1177.266061
-189.275897,99,1178.569185
-177.394911,101,1179.854232
-157.592839,95,1181.07127
-163.420911,88,1184.696697
-140.171592,89,1185.805447
-149.453993,89,1186.938049
-149.234964,93,1188.12611
-169.119182,98,1189.36234
-173.481515,111,1190.781034
-173.156358,99,1192.077353
-174.540672,101,1193.380166
-159.322795,90,1194.537951
-167.321234,103,1195.883625
-66.871242,102,1197.216896
-195.808562,99,1198.494928
-157.053054,95,1199.731871
-188.963778,90,1200.888776
-156.028744,89,1202.052806
-157.130222,92,1203.234539
-139.118699,93,1204.464283
-212.203066,98,1205.743571
-207.688099,92,1206.937479
-167.618005,100,1208.270384
-171.272623,91,1209.446123
-159.892689,92,1210.677049
-176.728594,111,1214.609711
-172.713816,92,1215.785443
-171.682596,90,1216.924708
-177.430316,91,1218.088282
-142.794562,89,1219.252359
-168.868924,90,1220.421487
-153.797485,91,1221.603332
-165.039926,90,1222.754819
-161.385684,94,1223.960822
-178.408482,89,1225.100211
-184.796641,94,1226.311976
-176.705017,89,1227.488178
-153.751733,96,1228.75404
-185.825078,99,1230.064066
-148.383443,91,1231.25703
-155.669376,97,1232.567038
-166.137045,93,1233.80878
-142.560463,89,1234.97839
-173.938406,92,1236.202461
-151.551255,99,1237.535942
-165.057175,95,1238.814793
-173.431886,94,1240.062863
-196.033943,100,1243.608844
-258.104108,130,1245.257262
-207.17441,95,1246.450855
-144.424572,93,1247.650739
-169.483864,99,1248.935151
-179.588202,102,1250.262529
-238.492233,130,1252.03216
-172.731922,93,1253.256338
-178.432862,101,1254.589864
-249.32205,144,1256.474355
-150.458675,95,1257.747153
-173.13757,108,1259.195465
-151.20226,91,1260.419642
-152.603372,102,1261.770505
-165.819612,92,1263.085763
-238.296063,118,1264.70453
-194.268466,100,1266.037634
-155.213951,93,1267.285572
-177.202846,93,1268.576842
-175.091426,102,1272.182904
-54.426775,98,1273.406992
-164.600745,101,1274.703533
-192.139384,98,1275.958382
-246.873677,134,1277.739887
-210.825139,91,1278.982413
-155.301074,93,1280.194064
-155.172615,90,1281.449241
-174.485476,89,1282.685377
-144.278509,95,1284.030268
-150.186227,95,1285.363773
-170.69978,98,1286.673299
-136.935559,93,1287.957858
-167.505192,99,1289.351695
-158.174122,94,1290.618232
-66.881665,105,1292.01121
-206.724278,96,1293.320622
-241.67821,126,1295.023535
-180.739135,93,1296.284633
-154.6197,90,1297.478423
-157.622969,93,1298.770872
-168.069104,98,1302.496462
-98.446833,116,1303.932817
-137.348604,91,1305.102464
-157.213154,95,1306.326649
-171.872761,97,1307.575266
-198.349607,95,1308.853438
-134.354199,90,1310.023642
-152.446373,91,1311.272164
-170.613751,94,1312.490997
-183.316593,99,1313.792636
-142.564047,93,1315.053516
-170.96394,94,1316.326411
-179.826037,94,1317.58027
-161.219235,98,1318.889758
-188.694002,99,1320.252944
-193.915548,102,1321.63477
-153.627612,95,1322.939199
-154.25229,89,1324.138134
-165.66723,94,1325.428398
-172.078313,96,1326.743359
-157.241687,91,1327.973529
-165.48198,97,1331.695077
-185.111079,91,1332.834944
-150.564403,91,1334.010115
-164.671921,89,1335.143745
-153.398092,96,1336.416361
-164.031447,104,1337.779684
-50.654676,104,1339.142947
-185.481576,100,1340.470134
-141.986954,88,1341.63382
-161.366918,95,1342.913371
-157.25002,91,1344.09437
-178.03998,92,1345.341851
-54.084839,108,1346.845824
-165.879381,94,1348.130517
-178.582902,101,1349.481779
-155.605967,94,1350.761263
-158.825445,89,1352.021406
-156.143394,101,1353.366866
-140.117597,94,1354.66356
-167.093579,94,1355.942803
-159.864514,94,1357.226833
-135.822591,96,1358.487875
-169.870826,99,1362.256973
-159.887392,99,1363.512989
-157.676614,98,1364.766334
-188.761176,91,1365.959756
-68.175581,115,1367.481612
-185.373639,98,1368.784343
-132.781441,90,1369.960075
-157.481776,86,1371.129795
-176.545086,89,1372.353988
-76.821737,107,1373.808054
-184.913368,99,1375.190373
-183.536823,94,1376.481024
-183.090602,100,1377.832307
-169.658483,92,1379.080762
-143.021266,93,1380.280777
-195.199641,88,1381.486713
-180.255847,94,1382.716873
-146.537902,92,1383.94109
-174.373958,90,1385.128639
-161.475865,94,1386.371354
-169.409983,89,1387.577892
-159.041906,89,1391.038011
-134.646736,86,1392.116403
-151.560686,94,1393.309983
-172.508037,90,1394.48628
-181.166541,89,1395.619079
-54.929368,98,1396.903852
-172.697255,88,1398.091985
-147.648861,86,1399.304072
-154.323417,91,1400.534217
-159.982816,94,1401.849709
-149.3416,88,1403.0673
-147.481267,88,1404.285216
-194.980857,94,1405.563973
-132.031068,87,1406.800707
-144.727365,87,1407.989392
-164.144264,90,1409.255568
-163.344285,86,1410.418616
-172.762226,88,1411.612539
-139.912385,89,1412.800248
-174.855655,95,1414.018202
-194.089719,94,1415.285071
-140.537456,93,1416.533243
-143.992097,91,1417.757493
-145.414245,93,1421.394041
-197.696914,99,1422.654647
-143.932475,90,1423.830253
-187.157316,91,1425.005824
-202.156052,103,1426.375243
-174.629015,93,1427.581334
-130.991562,94,1428.841618
-170.180746,93,1430.133444
-137.802991,95,1431.460115
-161.455288,91,1432.678118
-149.307951,91,1433.921166
-183.661571,96,1435.229637
-144.823128,102,1436.654823
-204.011396,118,1438.283841
-140.211366,93,1439.550364
-148.928495,87,1440.708059
-162.341959,89,1441.931958
-146.680794,105,1443.344068
-138.950651,89,1444.532522
-142.24861,90,1445.799082
-162.898646,94,1447.065657
-194.480901,93,1448.326275
-159.258634,88,1451.88367
-140.408186,87,1452.974635
-159.041632,89,1454.125869
-129.310384,93,1455.392164
-153.637175,90,1456.574407
-163.517783,97,1457.834908
-133.125777,88,1459.004199
-160.952392,90,1460.204871
-172.150457,88,1461.397756
-52.048611,108,1462.816403
-166.234776,95,1464.113278
-148.487697,88,1465.276291
-39.551764,96,1466.512591
-160.309074,106,1467.888597
-138.746082,104,1469.289268
-152.593311,87,1470.416159
-137.656033,90,1471.640078
-175.041604,104,1473.040015
-166.610784,90,1474.276272
-142.701439,93,1475.52487
-154.892369,91,1476.724514
-146.775903,93,1477.978884
-149.118079,102,1481.567233
-145.711773,96,1482.797603
-149.212984,89,1483.930421
-156.45518,94,1485.160983
-58.134364,100,1486.511937
-153.686539,94,1487.742672
-159.773018,98,1489.075669
-133.086523,89,1490.24488
-175.345233,89,1491.457393
-147.133454,90,1492.681227
-150.524598,88,1493.880548
-146.489855,92,1495.123817
-145.786183,98,1496.469956
-143.979217,98,1497.802654
-61.092705,108,1499.250948
-39.923012,105,1500.687423
-143.641518,91,1501.978318
-159.392744,90,1503.232696
-128.672409,91,1504.536078
-158.767334,98,1505.911309
-139.923887,87,1507.159499
-58.513586,104,1510.959311
-149.347917,93,1512.153368
-141.548208,87,1513.29285
-158.68167,92,1514.486298
-139.845802,92,1515.716671
-166.686773,90,1516.995237
-150.619819,89,1518.297976
-166.999677,96,1519.547327
-146.377024,96,1520.880114
-158.264673,98,1522.268157
-152.256422,94,1523.576825
-52.668233,98,1525.00078
-130.234945,87,1526.212672
-145.731046,90,1527.528422
-157.53323,89,1528.728784
-153.665348,91,1530.031417
-154.189894,89,1531.333635
-172.516884,94,1532.692265
-169.199817,103,1534.121468
-57.614143,101,1535.509933
-46.181862,100,1536.872342
-205.130164,122,1538.545973
-35.723801,97,1542.194513
-148.531099,96,1543.418923
-138.947327,92,1544.588034
-151.127101,107,1545.988227
-40.606248,96,1547.309307
-160.928292,91,1548.527753
-124.292474,87,1549.696501
-55.127119,96,1550.970146
-134.564959,103,1552.399606
-138.268883,91,1553.61815
-58.983718,96,1554.963513
-145.583184,89,1556.193942
-150.699456,97,1557.533092
-47.959514,98,1558.902169
-163.163656,95,1560.17527
-152.276836,96,1561.4603
-129.864011,87,1562.672009
-123.265535,87,1563.87853
-134.482466,91,1565.187475
-147.800157,89,1566.35738
-39.358801,103,1567.787149
-144.480479,90,1571.508123
-51.086327,104,1572.829508
-134.611201,90,1573.992893
-142.180331,91,1575.204555
-145.357716,89,1576.404961
-153.064228,93,1577.659701
-149.142635,89,1578.853871
-151.028792,90,1580.101927
-135.23526,91,1581.349989
-134.969167,91,1582.574389
-54.364199,98,1583.889219
-156.817631,98,1585.265274
-149.999419,100,1586.580216
-142.426746,104,1588.052883
-148.505248,88,1589.27099
-51.035993,102,1590.646613
-151.028396,91,1591.925297
-130.533978,86,1593.106923
-162.723125,91,1594.362311
-137.398403,98,1595.744529
-143.891476,92,1597.003863
-147.309555,91,1598.276467
-138.572778,91,1602.021954
-144.358425,91,1603.204147
-135.465335,89,1604.373818
-147.066603,90,1605.57315
-131.844674,92,1606.815239
-144.066367,88,1608.064008
-182.059664,92,1609.31217
-136.08317,97,1610.749171
-156.002183,92,1612.154683
-148.482001,88,1613.403375
-167.414617,96,1614.760687
-152.601879,87,1616.040066
-65.110307,103,1617.481304
-126.121813,92,1618.815266
-160.525509,93,1620.159287
-56.152436,98,1621.536527
-152.966289,95,1622.948131
-131.344622,89,1624.257461
-143.94921,103,1625.674978
-146.28321,90,1626.930187
-151.495918,101,1628.299476
-175.833183,93,1629.590413
-141.402657,89,1633.244329
-153.750747,98,1634.487187
-139.750421,101,1635.832156
-149.055129,98,1637.141279
-151.974437,99,1638.462149
-131.764036,88,1639.627246
-140.911715,86,1640.777689
-42.641753,99,1642.135761
-145.747508,98,1643.450533
-51.936316,98,1644.862251
-138.682433,89,1646.11086
-136.255306,86,1647.286665
-147.466909,110,1648.813722
-161.279148,98,1650.146361
-153.7944,90,1651.425508
-55.485723,103,1652.825695
-141.625354,99,1654.189215
-144.035058,93,1655.510054
-149.023261,104,1656.922244
-155.264789,91,1658.225333
-163.887196,89,1659.534087
-155.564751,103,1660.958612
-45.678414,95,1664.734481
-191.383231,104,1666.109677
-152.326918,90,1667.297404
-152.317408,90,1668.587974
-134.675365,92,1669.890874
-39.273271,100,1671.244591
-143.474266,92,1672.570305
-130.675617,95,1673.854883
-150.471659,92,1675.181955
-46.00524,99,1676.600394
-132.348399,91,1677.873045
-153.01481,92,1679.175988
-139.150852,96,1680.508781
-154.610501,99,1681.914877
-154.581505,99,1683.357756
-59.056798,100,1684.775347
-145.872681,91,1686.097063
-137.690889,95,1687.453933
-147.956804,102,1688.836375
-150.085736,105,1690.321236
-146.799626,97,1691.708645
-165.30332,101,1695.581072
-51.963866,102,1696.920914
-128.839344,89,1698.09584
-154.721919,95,1699.374304
-141.827892,92,1700.678734
-139.507966,92,1701.950414
-144.630788,95,1703.26581
-140.418426,91,1704.526674
-132.01567,88,1705.847433
-136.898908,91,1707.15051
-142.718836,100,1708.513692
-153.347668,96,1709.822662
-145.404531,107,1711.350226
-134.968445,93,1712.64011
-152.810646,95,1713.980129
-138.946063,95,1715.265363
-151.907718,102,1716.689588
-130.553871,89,1717.961864
-136.037871,102,1719.374182
-144.494711,95,1720.707401
-139.896945,91,1722.113773
-33.422323,96,1725.986123
-49.962611,96,1727.233945
-50.402318,94,1728.428015
-44.11019,94,1729.682941
-132.376876,94,1730.955942
-153.359771,97,1732.27644
-49.737752,104,1733.718272
-68.155086,113,1735.227584
-167.423296,108,1736.724624
-124.894236,87,1737.918515
-146.469352,96,1739.245871
-138.636836,99,1740.585308
-151.6673,89,1741.844859
-151.829287,90,1743.266873
-156.390822,101,1744.760339
-59.328067,101,1746.187159
-48.163727,96,1747.572306
-140.177221,96,1748.918267
-155.72112,101,1750.341795
-140.896244,99,1751.74211
-51.204773,103,1753.202299
-45.104018,100,1757.020609
-164.621245,98,1758.280837
-161.577577,100,1759.578907
-155.016816,99,1760.899395
-39.199487,96,1762.239178
-137.612219,89,1763.535479
-153.373694,91,1764.850703
-140.046046,95,1766.159559
-152.542179,95,1767.504967
-154.003005,94,1768.892698
-46.426097,102,1770.341155
-152.402541,105,1771.850415
-42.68871,100,1773.171502
-146.488435,93,1774.504647
-45.024915,99,1775.965274
-147.484338,88,1777.201484
-147.367761,90,1778.45601
-146.9843,96,1779.789203
-57.684391,97,1781.182463
-156.656814,86,1782.340928
-40.289489,99,1783.710281
-69.795154,103,1785.110426
-168.048691,103,1788.952538
-149.987071,97,1790.23123
-44.738535,106,1791.649367
-61.407811,106,1793.061497
-41.147593,97,1794.418831
-140.173157,88,1795.588571
-48.610788,98,1796.915702
-137.857066,95,1798.207177
-161.133047,104,1799.65548
-156.746697,100,1801.066575
-50.25021,98,1802.393182
-45.187454,101,1803.806165
-62.732364,96,1805.121758
-42.807448,100,1806.466411
-40.719781,98,1807.794039
-135.377987,98,1809.109277
-60.301445,109,1810.630594
-48.822197,105,1812.060258
-149.075567,90,1813.278585
-147.121674,106,1814.776141
-148.566843,90,1818.399056
-31.555463,98,1819.702939
-134.528986,94,1820.92695
-47.574318,107,1822.332659
-142.373682,103,1823.696493
-145.372073,96,1825.005065
-136.750601,88,1826.168641
-135.966128,88,1827.405345
-153.334395,99,1828.744869
-152.436207,111,1830.235543
-36.000782,96,1831.550185
-152.330771,101,1832.865379
-137.549577,99,1834.241454
-150.55523,92,1835.483832
-134.134285,89,1836.708017
-64.874532,103,1838.15604
-37.254699,101,1839.502065
-63.933857,108,1840.962209
-30.486949,95,1842.289366
-143.539696,96,1843.628483
-142.370595,93,1844.877627
-41.849474,100,1848.773858
-36.934858,97,1850.028484
-52.864797,100,1851.355541
-34.716921,100,1852.676453
-46.060289,100,1854.040586
-201.418458,112,1855.549036
-47.428519,104,1857.00376
-135.828553,91,1858.270382
-150.768222,110,1859.773603
-136.233455,96,1861.088169
-42.015389,94,1862.379317
-57.182219,102,1863.827707
-156.542436,86,1864.972932
-139.498276,88,1866.124516
-144.47665,96,1867.452267
-142.097203,92,1868.693769
-55.217439,104,1870.154683
-36.23159,99,1871.463862
-137.72518,100,1872.790918
-137.640757,88,1873.984968
-150.749295,92,1875.25728
-42.11641,96,1878.857962
-135.283411,102,1880.136063
-35.707354,94,1881.366182
-36.306997,95,1882.608671
-44.171826,105,1884.014786
-43.460259,98,1885.287525
-141.405024,93,1886.511525
-42.921113,95,1887.766027
-142.414543,96,1889.051035
-177.835733,103,1890.450624
-27.528512,94,1891.820007
-142.131252,95,1893.105572
-164.282015,91,1894.366217
-36.167123,97,1895.656733
-36.387769,95,1896.977663
-132.672846,94,1898.275218
-44.405675,98,1899.607852
-54.980284,100,1900.947256
-137.664112,88,1902.105438
-159.078086,90,1903.329002
-42.008259,99,1904.674101
-34.785207,97,1905.995242
-133.309241,93,1909.57913
-42.783092,101,1910.904531
-36.697592,96,1912.159095
-29.574672,94,1913.365864
-47.765635,99,1914.656259
-41.749486,94,1915.92231
-50.071163,100,1917.304007
-155.237541,109,1918.758485
-46.567337,104,1920.133968
-73.214174,98,1921.461188
-139.772544,98,1922.733971
-40.219347,98,1924.037581
-136.060806,97,1925.346673
-43.754717,108,1926.72832
-134.746423,88,1927.92781
-152.309392,107,1929.346052
-151.849008,94,1930.600051
-53.63709,105,1932.006949
-145.757943,98,1933.285455
-140.962246,101,1934.672333
-36.397584,102,1938.394011
-142.741073,91,1939.545464
-53.612955,100,1940.842064
-44.294428,94,1942.042257
-52.54115,96,1943.296348
-165.299582,92,1944.496794
-142.907706,93,1945.733135
-183.314518,103,1947.108937
-36.501822,99,1948.392831
-33.695698,94,1949.635988
-127.153959,89,1950.841397
-39.920364,97,1952.168904
-43.740631,94,1953.429344
-149.429625,99,1954.854023
-44.23026,98,1956.198887
-142.352609,101,1957.52037
-31.833619,94,1958.78708
-39.422499,102,1960.193003
-30.491506,95,1961.477711
-51.600695,100,1962.822737
-140.370388,97,1964.168954
-39.50297,101,1967.804348
-37.051797,96,1969.022333
-159.127075,109,1970.428446
-42.362018,98,1971.695223
-150.565383,96,1972.962384
-51.650337,94,1974.204441
-142.852164,99,1975.531564
-163.066512,99,1976.852853
-42.599985,98,1978.179896
-39.70495,96,1979.488766
-37.956616,99,1980.846542
-137.455476,103,1982.264658
-136.111064,92,1983.573732
-41.895011,101,1984.985154
-129.753528,92,1986.20416
-142.667905,92,1987.470052
-40.046917,100,1988.882626
-47.553598,101,1990.282165
-141.048744,86,1991.440225
-52.086761,102,1992.767161
-160.413057,87,1993.936309
-69.232044,97,1997.567571
-150.862143,99,1998.833189
-35.805416,94,2000.021525
-134.020973,86,2001.130356
-52.432979,100,2002.493808
-141.733286,97,2003.796911
-53.813891,103,2005.233385
-149.566204,102,2006.608493
-147.338663,100,2007.997048
-130.718602,88,2009.299832
-142.422801,87,2010.517972
-155.810392,107,2011.97234
-44.354686,99,2013.341969
-49.747064,99,2014.730287
-44.447383,99,2016.045982
-148.551169,110,2017.493256
-143.236833,91,2018.789709
-49.753111,98,2020.105316
-188.044661,105,2021.584281
-33.403626,94,2022.898724
-51.105215,98,2024.232143
-127.304581,89,2025.492889
-134.306474,91,2028.990051
-41.748307,94,2030.201797
-40.873037,96,2031.461922
-45.381715,100,2032.808034
-43.937425,96,2034.153159
-47.035963,98,2035.461925
-146.450721,99,2036.813625
-43.209665,98,2038.128825
-40.981603,100,2039.48641
-44.084406,101,2040.855348
-160.024783,104,2042.292258
-42.692564,94,2043.601411
-38.886294,96,2044.892472
-143.208063,89,2046.110659
-138.768336,91,2047.37647
-37.509611,95,2048.679698
-38.552684,100,2050.030799
-48.416026,102,2051.46727
-145.573963,98,2052.75826
-145.734273,91,2054.019385
-47.581221,101,2055.461064
-142.560901,101,2059.115503
-149.285429,100,2060.406479
-138.093718,94,2061.624572
-162.056562,99,2062.879066
-133.064197,93,2064.115399
-151.487075,108,2065.570013
-61.88508,106,2066.987758
-133.806707,89,2068.193488
-39.22955,96,2069.48471
-139.116512,100,2070.854457
-51.005667,105,2072.320647
-56.39458,100,2073.696666
-56.467635,105,2075.109035
-132.693025,91,2076.345078
-137.006448,92,2077.63554
-142.421582,88,2078.884416
-33.665784,94,2080.163563
-64.157123,104,2081.695766
-144.230644,102,2083.119617
-52.876211,96,2084.472121
-139.365727,91,2085.762789
-48.776479,96,2089.503223
-58.700408,106,2091.344342
-51.066275,103,2093.035524
-35.110078,96,2094.598922
-39.12051,102,2096.156416
-51.114147,97,2097.574406
-35.818438,98,2098.956245
-148.746166,104,2100.350754
-52.782618,98,2101.883342
-36.930693,96,2103.192204
-39.274596,94,2104.489149
-140.972009,99,2105.834672
-72.960329,105,2107.2646
-44.326107,102,2108.664176
-144.68288,98,2110.052345
-51.776565,99,2111.446992
-182.847249,101,2112.791875
-56.038769,102,2114.173905
-144.794809,87,2115.385741
-37.335287,97,2116.73091
-42.078644,94,2120.330232
-39.093616,97,2121.554578
-38.823788,97,2122.815186
-142.060975,97,2124.070109
-42.848298,99,2125.409035
-38.159734,94,2126.682053
-146.413789,88,2127.845143
-50.722289,102,2129.251191
-37.864367,96,2130.548028
-63.553687,108,2132.063627
-36.527379,96,2133.390913
-36.691075,98,2134.663858
-49.615263,94,2135.930347
-154.641247,106,2137.318025
-49.042221,103,2138.639584
-43.604854,103,2140.008401
-37.284593,96,2141.256767
-43.604354,98,2142.572699
-52.206639,94,2143.856916
-161.734501,100,2145.172391
-34.516909,94,2146.414559
-40.154657,94,2149.972008
-41.420048,96,2151.214201
-44.101148,102,2152.528932
-44.791607,100,2153.796473
-56.681161,99,2155.111393
-147.130113,110,2156.54724
-144.257265,104,2157.91134
-33.838388,95,2159.15946
-159.998258,102,2160.456346
-34.813435,94,2161.704811
-137.054874,86,2162.862319
-132.060981,89,2164.044008
-46.145452,94,2165.24963
-52.201874,95,2166.528531
-35.355471,96,2167.819418
-47.583251,94,2169.038361
-46.846505,94,2170.298474
-146.869236,96,2171.546399
-54.8642,100,2172.886225
-49.105503,100,2174.237552
-33.54727,94,2175.479454
-37.974485,98,2179.231151
-42.319527,96,2180.431446
-45.230414,99,2181.70345
-140.799682,104,2183.079572
-36.265638,99,2184.370783
-54.632411,96,2185.685422
-136.281937,98,2187.001046
-188.074443,105,2188.358005
-142.082141,98,2189.67313
-150.176373,102,2191.000123
-38.808669,96,2192.285609
-140.324595,101,2193.636835
-134.517593,99,2194.903141
-49.872936,94,2196.163737
-150.730297,110,2197.617991
-160.864911,90,2198.842175
-45.573674,97,2200.121384
-33.367947,94,2201.375961
-46.43884,100,2202.757367
-42.264768,94,2204.030223
-41.889352,96,2205.35115
-43.002442,98,2209.005642
-39.781095,99,2210.265701
-149.291711,87,2211.393585
-49.290272,97,2212.665977
-160.134164,107,2214.077727
-47.124185,99,2215.386947
-40.529164,96,2216.67179
-47.651363,101,2217.98087
-49.075068,96,2219.247752
-37.523513,97,2220.531952
-53.670129,96,2221.858363
-138.774276,95,2223.265327
-153.680351,95,2224.622934
-146.414901,88,2225.828449
-42.273914,99,2227.290432
-65.872095,99,2228.695457
-149.422482,106,2230.246565
-43.042872,94,2231.647138
-36.816322,99,2233.052647
-53.131899,97,2234.512846
-44.984643,100,2235.998391
-46.100611,99,2239.755212
-138.457408,91,2240.906787
-145.599324,100,2242.19121
-35.297634,94,2243.439733
-47.308614,97,2244.706666
-33.447567,96,2245.967109
-65.130569,106,2247.422121
-48.291984,96,2248.701184
-148.014371,96,2250.11239
-47.53188,98,2251.591551
-177.637713,101,2252.936955
-42.550958,94,2254.197623
-38.074303,104,2255.627574
-149.613971,101,2256.973007
-49.719003,97,2258.239166
-152.398696,91,2259.481878
-191.817978,103,2260.863307
-137.916185,97,2262.203046
-139.706292,93,2263.415116
-135.495671,91,2264.658545
-50.248758,99,2265.966434
-52.071347,97,2269.626625
-45.976377,96,2270.869662
-37.142848,94,2272.056858
-42.568554,96,2273.257105
-40.062857,95,2274.469214
-144.322533,96,2275.735744
-38.425715,96,2277.020656
-138.584944,94,2278.244471
-40.9495,98,2279.535587
-55.821872,96,2280.808452
-45.140457,97,2282.177803
-41.364276,96,2283.468795
-152.555958,102,2284.850205
-36.610512,96,2286.153621
-142.494699,96,2287.419515
-145.163088,98,2288.777818
-44.035852,96,2290.043848
-54.412739,97,2291.347114
-139.162127,97,2292.680423
-41.237872,99,2293.97119
-135.795679,87,2295.158896
-145.324197,100,2296.504801
-39.945326,97,2300.189826
-140.334176,99,2301.449301
-37.994122,94,2302.673518
-132.496444,87,2303.807337
-186.661259,108,2305.237791
-146.208548,101,2306.600453
-138.649335,87,2307.739685
-42.92902,100,2309.103918
-43.309955,98,2310.425193
-33.407101,94,2311.71048
-38.050954,95,2312.982496
-34.450991,95,2314.236636
-42.280628,98,2315.527838
-134.958125,94,2316.818739
-141.783977,98,2318.127802
-45.834394,98,2319.449201
-40.362952,98,2320.715376
-133.423086,91,2321.970397
-152.333198,105,2323.393937
-55.558725,100,2324.696597
-134.536788,98,2325.988381
-138.586086,95,2329.636023
-147.748891,88,2330.763
-132.741479,90,2331.932548
-138.499806,91,2333.157038
-38.993608,95,2334.435986
-39.260485,96,2335.684735
-43.77614,95,2336.975061
-140.691396,98,2338.272345
-150.627521,100,2339.581156
-60.864924,97,2340.872044
-40.525552,95,2342.120863
-45.073792,109,2343.586734
-135.471145,91,2344.804874
-52.249735,96,2346.108776
-140.974527,100,2347.417145
-47.83669,100,2348.738564
-132.138377,87,2349.944317
-42.412676,100,2351.235438
-139.776357,94,2352.49563
-135.966843,90,2353.744233
-43.263489,101,2355.064969
-58.291679,102,2358.701459
-191.664824,104,2360.010546
-49.706493,102,2361.325634
-154.319329,86,2362.434632
-152.013702,102,2363.767678
-47.357767,96,2365.040425
-49.677344,95,2366.295621
-46.517452,97,2367.592415
-38.843188,96,2368.864783
-35.039562,100,2370.221838
-149.267491,106,2371.682679
-138.918649,101,2372.973675
-141.79265,92,2374.185632
-56.76368,97,2375.483077
-44.013991,101,2376.79735
-126.850839,86,2377.942656
-40.443781,98,2379.209372
-36.491379,94,2380.45806
-138.870715,92,2381.670089
-156.19173,91,2382.839678
-40.1595,98,2384.119129
-139.218789,97,2388.070028
-38.574975,94,2389.288088
-143.926888,86,2390.421318
-48.268172,103,2391.796748
-147.716715,98,2393.215595
-54.043393,101,2394.681494
-52.443676,96,2396.015512
-31.936934,94,2397.378728
-40.491109,94,2398.86351
-139.467561,88,2400.243287
-42.171394,96,2401.882477
-138.917065,93,2403.475382
-35.303236,95,2404.82687
-46.811354,96,2406.269173
-144.280485,93,2407.547513
-46.272064,104,2409.014548
-151.871621,103,2410.469207
-55.578391,96,2411.789758
-39.128887,98,2413.183959
-141.54273,93,2414.56557
-48.92789,96,2415.917184
-44.530762,102,2417.389631
-140.445981,88,2421.177914
-49.024788,96,2422.432021
-49.627706,101,2423.808012
-36.066693,99,2425.183697
-32.911995,95,2426.577485
-38.62687,97,2428.01314
-40.347246,98,2429.516041
-34.282004,94,2431.068268
-31.389747,94,2432.783525
-47.701112,105,2434.25523
-32.861777,94,2435.656233
-41.5135,103,2437.368996
-39.233886,94,2438.786025
-136.835791,97,2440.284607
-138.595421,86,2441.595048
-146.280657,95,2442.963192
-36.815039,98,2444.485044
-33.994945,94,2445.922152
-45.25679,100,2447.454035
-40.624119,100,2449.064021
-136.177832,89,2450.419264
-132.993737,95,2454.249024
-48.992749,96,2455.551147
-53.319927,98,2456.884421
-142.424622,94,2458.176016
-31.09129,94,2459.520691
-153.25042,104,2461.011358
-46.930068,98,2462.472104
-52.335034,96,2464.011453
-46.959982,95,2465.490265
-41.388016,106,2467.017453
-130.853912,94,2468.495854
-42.543127,102,2470.132535
-37.229574,97,2471.611185
-151.909406,97,2473.107988
-36.608312,98,2474.605581
-144.723101,103,2476.24155
-39.691108,96,2477.774391
-34.130322,96,2479.114067
-42.444434,102,2480.677103
-141.69017,98,2482.128488
-145.006989,103,2483.781222
-42.096765,101,2487.919863
-136.524419,98,2489.247246
-35.048149,104,2490.762014
-54.752003,96,2492.155984
-45.392064,94,2493.477224
-37.911507,101,2494.937108
-35.894576,94,2496.301239
-48.430967,95,2497.616031
-52.597609,96,2498.979302
-41.59897,103,2500.543756
-131.813154,93,2501.968105
-151.344533,112,2503.602689
-32.657709,94,2504.924986
-44.52121,108,2506.567738
-142.611945,99,2508.046628
-37.008328,99,2509.493984
-34.743566,96,2510.876083
-139.110582,91,2512.118317
-144.680442,105,2513.688089
-49.932526,98,2515.11805
-155.43223,100,2519.027996
-38.324851,96,2520.313021
-34.54163,98,2521.644647
-33.992692,95,2522.893289
-29.925038,94,2524.239377
-138.385462,95,2525.566226
-37.931777,94,2526.833215
-42.289938,94,2528.244937
-38.646603,96,2529.608538
-36.501272,96,2530.979115
-29.080601,94,2532.317561
-31.938022,99,2533.753904
-32.548796,94,2535.099216
-140.137395,87,2536.335139
-36.658693,96,2537.717034
-146.666304,91,2538.953294
-142.980832,94,2540.341674
-40.689786,97,2541.773031
-153.53539,86,2543.080515
-46.884256,95,2544.450154
-48.077452,95,2545.735258
-132.023198,87,2546.983587
-52.510013,96,2550.917691
-38.405098,102,2552.231361
-139.426098,98,2553.534792
-36.573122,96,2554.831657
-151.831351,95,2556.15898
-32.295002,94,2557.48672
-36.02109,95,2558.885794
-43.192784,94,2560.207414
-43.227508,96,2561.607482
-54.572828,95,2563.043148
-34.945191,97,2564.534256
-147.413688,99,2565.915534
-45.003982,97,2567.35258
-37.819488,93,2568.728631
-37.98952,97,2570.177298
-134.203548,88,2571.430526
-50.233662,96,2572.83118
-32.844445,97,2574.248709
-41.740351,99,2575.618465
-50.845145,96,2577.030885
-45.307866,95,2578.418058
-135.35051,94,2579.7882
-136.86604,96,2583.630519
-31.282991,94,2584.854586
-41.193604,100,2586.260151
-36.612322,95,2587.678283
-37.281581,98,2589.07266
-46.921788,94,2590.43605
-44.218306,97,2591.890454
-41.549085,96,2593.242342
-43.726385,99,2594.660074
-54.850249,100,2596.066441
-158.679056,103,2597.599696
-40.4559,96,2599.065784
-39.12838,98,2600.508938
-32.145618,94,2601.866423
-29.727714,94,2603.259379
-47.147136,99,2604.738934
-142.495748,102,2606.241131
-53.117687,96,2607.593075
-32.518234,95,2608.999324
-145.624926,98,2610.466131
-38.792725,97,2611.865814
-142.344931,105,2615.689116
-37.705219,97,2616.938161
-131.919123,89,2618.113388
-40.379437,95,2619.399851
-37.599923,95,2620.725268
-44.174139,96,2622.076929
-35.842081,95,2623.380145
-39.943129,93,2624.701839
-41.597933,94,2626.022119
-40.695389,94,2627.307238
-46.675631,95,2628.628627
-36.078945,94,2629.912707
-42.44737,95,2631.294398
-34.960986,99,2632.622659
-45.502005,98,2633.992051
-49.424933,93,2635.31931
-40.893054,97,2636.683192
-38.022518,100,2638.161093
-45.854682,95,2639.48883
-41.764549,94,2640.881893
-36.733325,94,2642.25258
-39.834317,96,2645.997814
-42.419787,94,2647.23392
-36.604012,97,2648.505703
-136.364502,99,2649.839658
-30.922929,94,2651.172183
-144.584115,97,2652.523871
-57.589726,95,2653.887811
-47.35471,94,2655.172959
-152.179204,100,2656.591632
-36.89506,93,2657.960648
-32.410324,96,2659.274914
-34.189685,94,2660.632856
-58.00501,100,2662.026835
-40.855159,99,2663.365773
-34.004594,96,2664.759542
-39.472484,97,2666.159849
-48.646901,94,2667.486738
-47.360042,94,2668.741711
-136.790625,98,2670.14141
-142.528736,89,2671.401968
-50.659739,96,2672.753807
-44.389094,95,2676.413483
-42.097734,94,2677.601821
-30.021661,94,2678.850176
-132.92623,90,2680.080079
-35.966292,95,2681.389759
-27.665222,94,2682.667721
-31.072989,98,2684.080691
-44.715707,95,2685.425357
-40.713921,95,2686.758985
-43.161826,97,2688.116155
-29.977761,94,2689.425288
-141.434307,101,2690.856368
-38.076329,94,2692.140107
-38.802809,96,2693.539885
-146.341816,101,2694.976203
-138.025852,87,2696.243682
-51.912887,94,2697.686209
-157.251331,88,2698.885795
-34.745698,99,2700.31586
-37.452319,94,2701.636463
-35.009655,96,2703.073038
-42.669858,94,2704.49752
-47.552085,94,2708.351972
-164.539103,106,2709.739384
-36.25209,95,2711.024103
-48.208654,100,2712.467307
-43.679985,96,2713.860422
-143.727603,87,2715.151334
-134.825729,89,2716.503203
-146.879,86,2717.830744
-49.639762,104,2719.411358
-145.189199,89,2720.781411
-42.965673,95,2722.248226
-142.25271,97,2723.76908
-41.76579,95,2725.193629
-35.763251,94,2726.641662
-46.692363,96,2728.144735
-48.278636,94,2729.610936
-159.523411,101,2731.193663
-30.820442,95,2732.593438
-29.342143,95,2733.919911
-57.270047,95,2735.283663
-50.354115,97,2736.610936
-37.362603,105,2740.76313
-138.819304,99,2742.046915
-141.10786,93,2743.228857
-40.97898,97,2744.586357
-128.732038,89,2745.799095
-134.400693,94,2747.113685
-149.083619,88,2748.404803
-36.592049,96,2749.749763
-140.889013,100,2751.149844
-135.951231,86,2752.362101
-136.72371,95,2753.718526
-45.986918,98,2755.082727
-136.774494,88,2756.367445
-28.050373,94,2757.730751
-35.235633,94,2759.095001
-138.430725,97,2760.458488
-149.164929,86,2761.627524
-38.043529,93,2762.984896
-40.165132,95,2764.368773
-43.489472,94,2765.713295
-34.503271,94,2767.015976
-137.280274,100,2768.494496
-32.723196,94,2772.373637
-136.624624,97,2773.603678
-29.245857,95,2774.876073
-31.235018,96,2776.19749
-175.126615,99,2777.572759
-39.810613,97,2778.960776
-32.395915,96,2780.281779
-151.862215,103,2781.80328
-145.248446,96,2783.148185
-135.400094,101,2784.572813
-151.468815,103,2786.044778
-135.510054,89,2787.335787
-39.850764,96,2788.754109
-31.598765,96,2790.087408
-144.91102,107,2791.638597
-143.851941,99,2793.05096
-48.765641,96,2794.486956
-132.424945,92,2795.826458
-123.983225,86,2797.044622
-149.637378,104,2798.553156
-143.091839,106,2800.026257
-35.406721,95,2803.916998
-32.913921,98,2805.183978
-37.14734,94,2806.438083
-41.843363,100,2807.802144
-29.468903,96,2809.177332
-32.306913,94,2810.486465
-42.250934,94,2811.857096
-41.40321,99,2813.189635
-130.834297,90,2814.449687
-47.743857,95,2815.813533
-143.812814,91,2817.129094
-142.739166,95,2818.528263
-35.168115,96,2819.909634
-36.869391,95,2821.255631
-30.719162,94,2822.613077
-33.885335,95,2823.945851
-134.460929,94,2825.255114
-139.731919,97,2826.685589
-127.832795,94,2827.994414
-31.582455,94,2829.333624
-28.99984,95,2830.752512
-36.47143,95,2832.134221
-54.098866,100,2835.910552
-47.637977,95,2837.157587
-35.467985,99,2838.521322
-41.30271,95,2839.818321
-32.188297,94,2841.176096
-40.571527,99,2842.618908
-45.764635,100,2844.085223
-27.875299,94,2845.484325
-133.994213,98,2846.890067
-140.500493,94,2848.20635
-43.919526,103,2849.702776
-42.809576,94,2850.981471
-43.430971,100,2852.43606
-176.314114,103,2853.871903
-52.267529,95,2855.205436
-29.382345,96,2856.575323
-47.933304,97,2857.939515
-48.527136,94,2859.278296
-141.20442,102,2860.756523
-37.410985,96,2862.077755
-41.90502,100,2863.532516
-141.37025,91,2867.186845
-48.210626,99,2868.471826
-132.363319,95,2869.774478
-53.344693,94,2871.029284
-139.847867,99,2872.440689
-42.705149,94,2873.731675
-44.603815,100,2875.156183
-38.763667,95,2876.525942
-37.999362,96,2877.913244
-141.175099,99,2879.313891
-154.3849,112,2880.882815
-144.693231,95,2882.173609
-129.712874,96,2883.531266
-141.925038,93,2884.840748
-31.871492,99,2886.264805
-32.506921,94,2887.550319
-143.021903,104,2889.046572
-139.485794,91,2890.373849
-32.355157,97,2891.706635
-36.165597,94,2892.997917
-44.173054,100,2894.398254
-36.410268,95,2898.100439
-30.108343,97,2899.38522
-131.45316,89,2900.519005
-133.102259,98,2901.846175
-31.355929,96,2903.124569
-57.730733,97,2904.500763
-43.046306,96,2905.827542
-32.589397,95,2907.13628
-28.491774,95,2908.49967
-47.187555,95,2909.802632
-49.524601,96,2911.17224
-143.306256,100,2912.566105
-32.787519,95,2913.874991
-34.572706,94,2915.172305
-36.516139,94,2916.456573
-41.19731,94,2917.832688
-35.18237,94,2919.153937
-37.125474,96,2920.51757
-40.281496,98,2921.888085
-45.332053,96,2923.244633
-146.983184,93,2924.542059
-46.257309,96,2928.268802
-46.482184,97,2929.541328
-130.788151,92,2930.735091
-147.832331,86,2931.892627
-148.800667,110,2933.456409
-43.747719,102,2934.79641
-38.728035,94,2936.134615
-40.479761,97,2937.559794
-30.739887,96,2938.886905
-145.804194,99,2940.279796
-29.831955,94,2941.613544
-30.846122,97,2943.201446
-35.033973,96,2944.71009
-35.942756,94,2946.18206
-41.895664,94,2947.673867
-42.315793,95,2949.158879
-33.966047,94,2950.655547
-35.55819,99,2952.189134
-33.712904,94,2953.64296
-147.91411,106,2955.364406
-35.49646,94,2956.825006
-31.270877,94,2958.236327
-131.071078,100,2962.303726
-41.270271,94,2963.564307
-39.39032,98,2964.988139
-33.91372,94,2966.436847
-140.61914,103,2968.000402
-28.342206,94,2969.449067
-144.444377,100,2971.060142
-37.521642,94,2972.44903
-129.651967,92,2973.757504
-181.604968,105,2975.273569
-137.730865,98,2976.641903
-52.917303,101,2978.054372
-44.347599,94,2979.406397
-55.01413,103,2980.926521
-42.249543,97,2982.387157
-36.862458,95,2983.690676
-39.905336,94,2985.072692
-41.326541,100,2986.478246
-38.006193,93,2987.829324
-35.496947,96,2989.205481
-35.290613,99,2990.599597
-42.078721,104,2994.574856
-146.313726,86,2995.727578
-37.724988,98,2997.083741
-135.267368,92,2998.362444
-28.959406,94,2999.707397
-33.02135,94,3001.071387
-41.72907,97,3002.508601
-37.259426,98,3003.913934
-151.92837,109,3005.556609
-134.910068,99,3006.883712
-43.315104,96,3008.313428
-38.047968,98,3009.689821
-40.416524,95,3011.028035
-44.345737,102,3012.501198
-161.621808,87,3013.683546
-33.012145,100,3015.137894
-131.981503,93,3016.482868
-130.502297,91,3017.810446
-133.118153,101,3019.307039
-51.54832,99,3020.712415
-52.657673,98,3022.113017
-125.599376,90,3025.858148
-32.88442,96,3027.118369
-49.080398,103,3028.555344
-177.737814,104,3029.960534
-145.433611,99,3031.427499
-136.361732,97,3032.803749
-34.215154,97,3034.2451
-35.908516,96,3035.663893
-42.576561,98,3037.088108
-25.737611,97,3038.500366
-38.155749,95,3039.826879
-35.239847,96,3041.275302
-142.497106,89,3042.663783
-45.800028,96,3044.002368
-43.778208,106,3045.518427
-144.382864,104,3047.118759
-61.144251,107,3049.001243
-36.801223,101,3050.426687
-148.207215,87,3051.622803
-27.182804,94,3053.019117
-37.690684,96,3054.422068
-32.232939,97,3058.219881
-145.555422,99,3059.474691
-41.617478,101,3060.790013
-49.210521,100,3062.086802
-30.724319,97,3063.329004
-120.282849,87,3064.462322
-51.406756,94,3065.692632
-152.938895,98,3066.946997
-57.430361,102,3068.250054
-35.403225,100,3069.547453
-128.013798,89,3070.72888
-41.611826,96,3071.977212
-35.781987,94,3073.171154
-41.684119,101,3074.498206
-41.026458,96,3075.795007
-42.513671,94,3077.03141
-129.207486,91,3078.225386
-141.749448,99,3079.571443
-47.796026,94,3080.789368
-33.69863,97,3082.043203
-32.865367,96,3083.35222
-52.530758,101,3086.946132
-27.925657,95,3088.146264
-181.964903,106,3089.509697
-41.066683,96,3090.80089
-148.297461,106,3092.334142
-29.216965,97,3093.606674
-137.062987,93,3094.824548
-138.799667,101,3096.169949
-52.95093,95,3097.466365
-30.587504,98,3098.812354
-43.298162,96,3100.133684
-39.08852,97,3101.490625
-28.093407,94,3102.812678
-141.982965,89,3104.060228
-131.816672,103,3105.472661
-28.867491,95,3106.745261
-137.396468,88,3107.939373
-34.595764,94,3109.284898
-127.8439,95,3110.611425
-128.655386,99,3111.981456
-32.458709,98,3113.296726
-142.141159,101,3117.211493
-151.53707,97,3118.435276
-52.297719,106,3119.799273
-36.600888,96,3121.072973
-33.67014,100,3122.471547
-27.597772,95,3123.768775
-147.849288,101,3125.192968
-141.999218,96,3126.53857
-60.840628,105,3127.974861
-38.378768,100,3129.338712
-32.417248,95,3130.708007
-41.344961,97,3132.041019
-40.740258,96,3133.374207
-41.6945,98,3134.767779
-38.356079,98,3136.198781
-57.573066,113,3137.847096
-30.118726,97,3139.162036
-143.706618,97,3140.452875
-136.271498,98,3141.731598
-43.23668,95,3142.98654
-139.200558,97,3144.294987
-40.903084,99,3148.071138
-36.901873,104,3149.385366
-39.664133,96,3150.627936
-151.668337,96,3151.907152
-45.977011,94,3153.173307
-141.957866,90,3154.361593
-37.476616,94,3155.652139
-40.029415,112,3157.178958
-44.148355,99,3158.518639
-33.307865,100,3159.900795
-39.546738,95,3161.192569
-145.2687,106,3162.639098
-37.531597,95,3163.949498
-34.426432,99,3165.348563
-135.617103,101,3166.802545
-33.579158,95,3168.106216
-145.015834,94,3169.402723
-138.993863,101,3170.766237
-36.304503,96,3172.08792
-41.180092,96,3173.457226
-28.21884,97,3174.826654
-37.779393,94,3178.420841
-33.015544,101,3179.723228
-35.958523,94,3180.935658
-32.067527,96,3182.214468
-43.057264,96,3183.504831
-52.417334,102,3184.898831
-144.29681,96,3186.190091
-37.62447,97,3187.450278
-39.481215,95,3188.778126
-136.304943,94,3190.043996
-45.512896,99,3191.41452
-54.198058,100,3192.795721
-28.47897,95,3194.08056
-43.177625,94,3195.377551
-153.893924,88,3196.619565
-62.216811,101,3197.995666
-48.904416,100,3199.342034
-43.809556,99,3200.650012
-129.497224,88,3201.838223
-46.052933,98,3203.213038
-39.033839,100,3204.583077
-139.854896,93,3208.067788
-131.386219,91,3209.213466
-29.390166,94,3210.436304
-34.229013,99,3211.746458
-152.326095,100,3213.170107
-129.365999,91,3214.552048
-36.866871,97,3215.988072
-131.955411,97,3217.79008
-31.722842,95,3219.400305
-160.344529,87,3220.697712
-146.543254,94,3222.061702
-43.342225,93,3223.631255
-27.53837,94,3225.194762
-145.36269,109,3226.788834
-125.36485,90,3228.127537
-31.747989,97,3229.460695
-134.473386,94,3230.842452
-47.147375,98,3232.284902
-48.274055,99,3233.709464
-130.332205,95,3235.054681
-45.193058,96,3236.508701
-127.908257,95,3237.938895
-140.509857,100,3241.878589
-32.35809,94,3243.193045
-43.688949,98,3244.908332
-43.415935,100,3246.502531
-43.035426,96,3247.999707
-43.114302,99,3249.515911
-38.914043,103,3251.051588
-136.291873,96,3252.477744
-39.911902,95,3253.931817
-33.702616,95,3255.526404
-146.770425,105,3257.185909
-136.696083,86,3258.472815
-136.144568,103,3260.107646
-32.803065,96,3261.630231
-145.90463,94,3262.980477
-34.54273,99,3264.361712
-31.298748,95,3265.810562
-34.374802,96,3267.252453
-128.18196,86,3268.51353
-47.913701,98,3269.955966
-134.688227,87,3271.374389
-34.30966,94,3275.452599
-137.340441,88,3276.62773
-135.802442,100,3278.01021
-42.56282,97,3279.362337
-133.796191,88,3280.627885
-28.626409,95,3282.03374
-35.033859,94,3283.482383
-33.735703,96,3284.991666
-136.072691,96,3286.313359
-39.197616,96,3287.827572
-146.511347,103,3289.427128
-33.172501,102,3290.876147
-137.9239,87,3292.094225
-42.387968,97,3293.470237
-48.830414,103,3294.985187
-140.031574,103,3296.566813
-44.689672,101,3298.136304
-152.339618,95,3299.541785
-32.09881,95,3300.942673
-144.72074,90,3302.311926
-143.798372,87,3303.639503
-47.059592,95,3307.92407
-29.408028,97,3309.214264
-30.489682,96,3310.511683
-138.922833,101,3312.014684
-38.110454,100,3313.410203
-141.511749,98,3314.844689
-45.342137,97,3316.407473
-32.776802,94,3317.814746
-128.978312,87,3319.111542
-44.596356,101,3320.608702
-143.875817,94,3321.984362
-28.067485,96,3323.468644
-55.843265,103,3325.037842
-160.490559,133,3326.916667
-131.185683,93,3328.177904
-33.546381,100,3329.668356
-37.734198,103,3331.23755
-32.2204,98,3332.625118
-38.330911,96,3334.012366
-129.77702,103,3335.510831
-38.444896,100,3337.03156
-143.140596,86,3340.867378
-129.801483,89,3342.013625
-132.893214,87,3343.194946
-165.908757,87,3344.370148
-31.694468,94,3345.710492
-47.325853,94,3347.038356
-137.237849,101,3348.442991
-140.74875,86,3349.673977
-37.100329,94,3351.012183
-51.408761,102,3352.491539
-125.882792,94,3353.812809
-136.544143,107,3355.33359
-27.627109,94,3356.648599
-46.669268,101,3358.09733
-150.037356,86,3359.290843
-44.186967,98,3360.672618
-132.207409,91,3361.951747
-43.46237,101,3363.339176
-45.668006,97,3364.666342
-33.642849,94,3365.999958
-48.279263,97,3367.479817
-51.235037,98,3368.878576
-139.271024,102,3372.630015
-122.509872,87,3373.774841
-42.280537,95,3375.083759
-140.8474,95,3376.441279
-138.081515,91,3377.677916
-40.145853,95,3379.08382
-140.168388,86,3380.259542
-61.030239,100,3381.732851
-38.123088,104,3383.321827
-39.81033,97,3384.77476
-137.458068,97,3386.235353
-126.412285,89,3387.532861
-34.692476,95,3388.871528
-131.766494,96,3390.222146
-35.283881,96,3391.640778
-131.190704,95,3393.059203
-141.32077,102,3394.58649
-30.532742,98,3396.059228
-142.534919,99,3397.532229
-37.823596,96,3398.931718
-45.80775,98,3400.373451
-146.424483,102,3404.458588
-125.89312,87,3405.567405
-30.859337,94,3406.816216
-36.819528,94,3408.155327
-37.727611,94,3409.47743
-30.646752,94,3410.816072
-45.134424,96,3412.172877
-143.166292,102,3413.714067
-136.435975,90,3415.124919
-28.758299,95,3416.542309
-34.727358,96,3417.985916
-45.053045,102,3419.482307
-132.432002,93,3420.833772
-36.3915,98,3422.348031
-44.799288,101,3423.881755
-42.265398,96,3425.453514
-144.324905,107,3427.129637
-39.446811,96,3428.706053
-122.974193,89,3430.015411
-40.75255,97,3431.433883
-46.19758,96,3432.936392
-131.853945,100,3437.239283
-146.953796,102,3438.638953
-45.135448,95,3439.941897
-135.789158,89,3441.234559
-30.411849,96,3442.711196
-49.60047,99,3444.294042
-134.206529,102,3445.875023
-34.698718,94,3447.322386
-127.268569,91,3448.808404
-38.649319,96,3450.347499
-35.43976,94,3451.790097
-44.583934,98,3453.316682
-125.544952,96,3454.722425
-129.651149,87,3455.929666
-133.030864,86,3457.164894
-33.187113,94,3458.590322
-137.589333,101,3460.129558
-40.389086,100,3461.66796
-130.843734,102,3463.189922
-47.909476,99,3464.667785
-55.134342,104,3466.188979
-125.50299,93,3470.182944
-49.138784,93,3471.376832
-27.642435,94,3472.680113
-52.555222,97,3474.091795
-36.758714,94,3475.485631
-128.007378,89,3476.782175
-41.246576,100,3478.194953
-69.043733,94,3479.612549
-29.317155,94,3480.95797
-35.918609,99,3482.425089
-35.666274,94,3483.781781
-44.632538,104,3485.31536
-137.444056,97,3486.722187
-31.13384,94,3488.097494
-26.119113,95,3489.527498
-37.864328,94,3490.945181
-43.56926,94,3492.417705
-34.854448,103,3493.981725
-152.615254,105,3495.4846
-37.274474,94,3496.903189
-45.390481,98,3498.393802
-29.507909,94,3499.787746
-44.184988,94,3503.837155
-31.701537,99,3505.326742
-38.537047,98,3506.666169
-28.598111,94,3508.071906
-41.436432,96,3509.507149
-33.692158,94,3510.900587
-42.486652,96,3512.387185
-43.146663,94,3513.746214
-37.797467,94,3515.187884
-41.163065,95,3516.633804
-121.819635,87,3517.913061
-29.833448,96,3519.373281
-46.426448,96,3520.814283
-31.165374,95,3522.319128
-134.695456,86,3523.640288
-42.038294,100,3525.120244
-132.452699,86,3526.433247
-45.250872,98,3527.917373
-39.087128,99,3529.391896
-131.276412,102,3530.821787
-29.406543,96,3532.125074
-28.434513,94,3535.961244
-25.462106,94,3537.148725
-38.592492,99,3538.42736
-38.930162,94,3539.68846
-140.622717,96,3540.960633
-42.939353,96,3542.185065
-33.840364,96,3543.439731
-28.263027,94,3544.639914
-143.438996,94,3545.852018
-31.908418,94,3547.081508
-134.628667,89,3548.239881
-135.836077,93,3549.488184
-57.511233,98,3550.784975
-33.884614,95,3552.009272
-38.781513,97,3553.269985
-37.133577,94,3554.4638
-24.968485,94,3555.705815
-46.325097,95,3556.924349
-124.922658,88,3558.057001
-47.746529,94,3559.251667
-37.588308,95,3560.487369
-37.600432,96,3561.729487
-28.541183,94,3565.219052
-134.72496,101,3566.469863
-61.797185,98,3567.717597
-31.05818,98,3568.977605
-28.774466,95,3570.201285
-40.550521,94,3571.432761
-34.568549,96,3572.70506
-138.67064,103,3574.068748
-43.541089,94,3575.322917
-28.46906,94,3576.578087
-35.808215,94,3577.855857
-29.208015,94,3579.044104
-40.661315,94,3580.286624
-53.192138,96,3581.570946
-32.090171,105,3582.93515
-38.595078,94,3584.171526
-32.035871,94,3585.389988
-44.495976,94,3586.625841
-42.092318,93,3587.861536
-36.202319,95,3589.110248
-33.893503,93,3590.322589
-152.882164,101,3594.098114
-136.39554,87,3595.195251
-32.388947,95,3596.401351
-48.318378,97,3597.618904
-126.925764,86,3598.715672
-45.2985,98,3599.952487
-50.91196,95,3601.194741
-132.487441,86,3602.322129
-23.41847,94,3603.56497
-39.854022,96,3604.855238
-29.057233,94,3606.121387
-38.483588,94,3607.352275
-51.371376,96,3608.62477
-141.702325,96,3609.897473
-28.725872,96,3611.20107
-136.176002,93,3612.455028
-41.413499,94,3613.727619
-148.27991,97,3615.036327
-44.651018,94,3616.285225
-128.018207,97,3617.59427
-138.517154,89,3618.806134
-45.718068,93,3620.07285
-126.07733,87,3623.805633
-31.111642,96,3625.018424
-28.609366,94,3626.223954
-32.339283,94,3627.423918
-32.840831,97,3628.684692
-141.146896,93,3629.981198
-125.269966,89,3631.187172
-40.883738,95,3632.508678
-145.557391,87,3633.665809
-39.622434,94,3634.944843
-139.879646,86,3636.120141
-127.722422,87,3637.338165
-145.212168,100,3638.714401
-46.411326,96,3640.053562
-125.694241,91,3641.277083
-125.728586,87,3642.501677
-30.664789,94,3643.798767
-35.770462,95,3645.114159
-123.548481,89,3646.380852
-135.36873,86,3647.575227
-142.470238,100,3648.968146
-30.515228,94,3650.265572
-42.843894,95,3653.907429
-34.033467,94,3655.089291
-32.856475,94,3656.307494
-30.670345,94,3657.507308
-134.648845,87,3658.670953
-34.310212,94,3659.967806
-43.265827,96,3661.240384
-144.244954,87,3662.416126
-162.557227,87,3663.616367
-141.916166,99,3664.973921
-37.379722,96,3666.258615
-26.900876,96,3667.603667
-137.303263,89,3668.851909
-46.249131,96,3670.160839
-128.538671,89,3671.319042
-34.253296,94,3672.574001
-52.548394,98,3673.923959
-127.115018,86,3675.056896
-31.938354,94,3676.379172
-55.056679,94,3677.645714
-32.658225,94,3678.876343
-40.272055,96,3680.13655
-141.331887,101,3683.797076
-39.504542,96,3685.008647
-33.911531,94,3686.220967
-42.737486,96,3687.46388
-126.635103,87,3688.596942
-30.372367,94,3689.869398
-42.867867,94,3691.154421
-142.469566,92,3692.445429
-135.671257,86,3693.675083
-27.403349,94,3694.978403
-41.625472,95,3696.293191
-36.901055,95,3697.632419
-38.185865,101,3699.050936
-29.502073,94,3700.456838
-40.915203,96,3701.796581
-133.982479,95,3703.214313
-133.87922,96,3704.650496
-41.394196,96,3706.002096
-130.885364,87,3707.323771
-132.015587,94,3708.684062
-38.629158,94,3710.080429
-31.564188,94,3711.517603
-142.851818,111,3715.563467
-133.140146,95,3716.81366
-130.026698,87,3717.947198
-26.570251,94,3719.195366
-40.106791,95,3720.473976
-34.695249,97,3721.76986
-47.543671,98,3723.134843
-28.338459,95,3724.450839
-124.75342,86,3725.637281
-38.646926,96,3727.031382
-33.239073,97,3728.382775
-38.266395,94,3729.679707
-130.555771,86,3730.885138
-30.272804,94,3732.182858
-30.346996,95,3733.492249
-38.346729,94,3734.8013
-30.656891,95,3736.15861
-127.739546,96,3737.43698
-127.975308,94,3738.666733
-31.204043,94,3739.952126
-41.943609,95,3741.296917
-34.214155,94,3742.600729
